MotifID,TF,ConsensusSequence
UN0305.1,ADNP,CTCAGTTTCCTCATCTGTAAAATGGGG
UN0305.2,ADNP,CTCAGTTTCCTCATCTGTAAAATGGG
MA0634.1,ALX3,TCTAATTAAA
MA0634.2,ALX3,TAATTA
UN0485.1,ALX4::TBX21,AGGTGTTAATTA
MA0007.2,AR,AAGAACAGAATGTTC
MA1463.1,ARGFX,TCTAATTAAA
MA1463.2,ARGFX,CTAATTAA
MA1464.1,ARNT2,GTCACGTGCC
MA1464.2,ARNT2,GTCACGTG
MA0259.1,ARNT::HIF1A,GGACGTGC
MA0259.2,ARNT::HIF1A,ACGTG
MA1100.1,ASCL1,GCAGCAGCTGGCG
MA1100.2,ASCL1,GGCAGCTGCC
MA1631.1,ASCL1,CAGCACCTGCCCC
MA1100.3,ASCL1,GCAGCTGC
MA1631.2,ASCL1,GCACCTGCC
MA1632.1,ATF2,AAATGAGGTCATT
MA1632.2,ATF2,ATGAGGTCAT
MA0605.2,ATF3,GATGACGTCATC
MA0605.3,ATF3,ATGACGTCAT
MA0833.1,ATF4,GGATGATGCAATA
MA0833.2,ATF4,AAATGATGCAATAA
MA0833.3,ATF4,ATGATGCAAT
UN0799.1,ATF5,TGAGTCA
MA1466.1,ATF6,TGATGACGTGGCAG
MA1466.2,ATF6,TGATGACGTGGCA
UN0110.1,ATF6B,GATGACGTCATC
UN0111.1,ATF6B,TGCCACGTCACC
UN0112.1,ATF6B,TGCCACGTGGCA
UN0110.2,ATF6B,ATGACGTCAT
UN0111.2,ATF6B,TGCCACGTCAC
MA0834.1,ATF7,CGATGACGTCATCG
MA0834.2,ATF7,ATGACGTCAT
MA1467.1,ATOH1,AACAGCTGTC
MA1468.1,ATOH7,AACATATGTC
MA1633.1,BACH1,GATGACTCAGCAA
MA1633.2,BACH1,ATGACTCAT
MA1101.1,BACH2,GATGACTCAGCAAT
MA1101.2,BACH2,AAAGCATGACTCATCATTT
MA1470.1,BACH2,AAAGCATGACGTCATGATTT
MA1101.3,BACH2,CATGACTCATC
MA1470.2,BACH2,AAAGCATGACGTCATGATT
MA0877.2,BARHL1,CTAAACGG
MA0877.3,BARHL1,ACCGTTTA
MA0877.4,BARHL1,CGTTTA
MA0635.1,BARHL2,GCTAAACGGT
MA0635.2,BARHL2,TAAACG
MA0875.1,BARX1,GCAATTAG
MA0875.2,BARX1,CAATTA
MA1471.1,BARX2,AAAAACCATTAC
MA1471.2,BARX2,AAACCATTA
MA1634.1,BATF,TATGACTCATA
MA1634.2,BATF,TGACTCA
MA0835.2,BATF3,TATGACTCATA
MA0835.3,BATF3,TGACTCA
MA0462.1,BATF::JUN,GAAATGACTCA
MA0462.2,BATF::JUN,TATGACTCATA
MA0462.3,BATF::JUN,TGACTCA
UN0113.1,BBX,TGAACGCCGTTCA
MA2324.1,BCL11A,CTGACCA
UN0114.1,BCL11B,GTGAACGCTGAAGCTACAC
MA0463.2,BCL6,ATGCTTTCGAGGAATT
MA0463.3,BCL6,GCTTTCGAGGAAT
MA0731.1,BCL6B,TGCTTTCTAGGAATTCA
MA1472.1,BHLHA15,AACAGCTGTT
MA0607.2,BHLHA15,ACCATATGGT
MA0818.1,BHLHE22,ACCATATGTT
MA1635.1,BHLHE22,CGCAGCTGCG
MA0818.2,BHLHE22,ACCATATGGT
MA1635.2,BHLHE22,CAGCTG
MA0817.1,BHLHE23,AAACATATGTTT
MA0817.2,BHLHE23,AACATATGTT
MA0464.2,BHLHE40,ATCACGTGAC
MA0464.3,BHLHE40,TCACGTGA
MA0636.1,BHLHE41,GTCACGTGAC
MA1928.1,BNC2,TTGTGAGTCATA
MA1928.2,BNC2,TGAGTCA
MA0876.1,BSX,CCAATTAA
MA0876.2,BSX,CAATTA
MA0878.1,CDX1,GCAATAAAA
MA0878.2,CDX1,GGCCATAAAAC
MA0878.3,CDX1,GGCAATAAAA
MA0465.1,CDX2,AAGCCATAAAA
MA0465.2,CDX2,AAGCAATAAAAA
MA0465.3,CDX2,GCAATAAA
MA1473.1,CDX4,GGCAATAAAAC
MA1473.2,CDX4,GCAATAAAA
MA0102.3,CEBPA,ATTGCACAATA
MA0102.4,CEBPA,TTATTGCACAATAT
MA0102.5,CEBPA,ATTGCACAAT
MA0466.1,CEBPB,TATTGCACAAT
MA0466.2,CEBPB,ATTGCGCAAT
MA0466.3,CEBPB,TATTGCGCAATA
MA0466.4,CEBPB,ATTGCGCAAT
MA0836.1,CEBPD,ATTGCGCAAT
MA0836.2,CEBPD,TATTGCACAATAT
MA0836.3,CEBPD,TTGCACAA
MA0837.1,CEBPE,ATTGCGCAAT
MA0837.2,CEBPE,TATTGCGCAATA
MA0837.3,CEBPE,ATTGCGCAAT
MA0838.1,CEBPG,ATTGCGCAAT
MA1636.1,CEBPG,AAATGATGCAATCAT
MA1636.2,CEBPG,ATGATGCAAT
UN0800.1,CEBPZ,CCCCGCCCCG
MA0819.1,CLOCK,AACACGTGTT
MA0819.2,CLOCK,AAACACGTGC
MA0819.3,CLOCK,ACACGTG
MA0018.1,CREB1,CCTGGTGACGTC
MA0018.2,CREB1,TGACGTCA
MA0018.3,CREB1,GGTGACGTCACC
MA0018.4,CREB1,TTATGATGTCATA
MA0018.5,CREB1,TGATGTCA
MA0638.1,CREB3,GTGCCACGTCATCA
MA0638.2,CREB3,TGCCACGTCATC
MA0839.1,CREB3L1,ATGCCACGTCATCA
MA0839.2,CREB3L1,TGCCACGTCATCA
MA1474.1,CREB3L4,TGCCACGTCACC
MA1475.1,CREB3L4,GGTGACGTCACC
MA1474.2,CREB3L4,GCCACGTCAC
MA1475.2,CREB3L4,GTGACGTCA
MA0609.2,CREM,GCAGTGACGTCACTGC
MA0609.3,CREM,GTGACGTCAC
MA0139.1,CTCF,TGGCCACCAGGGGGCGCTA
MA1929.1,CTCF,CTGCAGTTCCAGCTGTGGCCACCAGGGGGCGCTA
MA1930.1,CTCF,CTGCAGTTCCCCCTTCTGGCCACTAGGGGGCGCTA
MA0139.2,CTCF,GCCACCAGGGGGCGC
MA1929.2,CTCF,CTGCAGTTCCAGCTGTGGCCACCAGGGGGCG
MA1930.2,CTCF,CTGCAGTTCCCCCTTCTGGCCACTAGGGGGCGC
MA1102.1,CTCFL,CACCAGGGGGCACC
MA1102.2,CTCFL,AGCAGGGGGCGC
MA1102.3,CTCFL,CAGGGGGC
MA0754.1,CUX1,TAATCGATAA
MA0754.2,CUX1,TAATCGATAA
MA0754.3,CUX1,TAATCGATA
UN0486.1,CUX1::HOXA13,ATCGATTACCTCATAAA
UN0487.1,CUX1::HOXB13,CTCATAAACATCGATC
UN0488.1,CUX1::TBX21,TCACACCCAATA
UN0488.2,CUX1::TBX21,TCACACCCAAT
MA0755.1,CUX2,TAATCGATAA
MA0755.2,CUX2,TAATCGATA
MA0639.1,DBP,TATTACGTAACA
MA0639.2,DBP,ATTACGTAAC
MA0879.2,DLX1,GCAATTAC
MA0879.3,DLX1,CAATTA
MA1476.1,DLX5,GCAATTAC
MA0882.1,DLX6,CCAATTAC
MA0882.2,DLX6,CAATTA
MA0610.1,DMRT3,AATGTATCAAT
MA0610.2,DMRT3,TGTATCA
MA1707.1,DMRTA1,AATTGTTACATT
MA1707.2,DMRTA1,TTGTTACATT
MA1478.1,DMRTA2,AATTGTTACATT
MA1478.2,DMRTA2,GTTACA
MA1479.1,DMRTC2,AATTGATACATT
MA1479.2,DMRTC2,AATTGATACAT
MA1480.1,DPRX,AGATAATCCC
MA1480.2,DPRX,AGATAATCC
MA1481.1,DRGX,CTAATTAC
MA1481.2,DRGX,TAATTA
MA0468.1,DUX4,TAATTTAATCA
MA0884.1,DUXA,CTAATTTAATCAA
MA0884.2,DUXA,TTGATTTAATCAA
MA0024.1,E2F1,TTTGGCGC
MA0024.2,E2F1,CGGGCGGGAGG
MA0024.3,E2F1,TTTGGCGCCAAA
UN0489.1,E2F1::HES7,GGCACGTGCCGTTGGCGCCC
UN0490.1,E2F1::HES7,GGCACGTGCCGCAAGGCGCCC
UN0489.2,E2F1::HES7,GGCACGTGCCGTTGGCGCC
UN0490.2,E2F1::HES7,GGCACGTGCCGCAAGGCGCC
MA0864.1,E2F2,AAAATGGCGCCATTTT
MA0864.2,E2F2,GTTTTGGCGCCATTTC
MA0864.3,E2F2,TTTTGGCGCCATT
MA0469.2,E2F3,AAAAATGGCGCCATTTTT
MA0469.3,E2F3,ATTTTGGCGCCAAAAT
MA0469.4,E2F3,TTTTGGCGCCAAAA
UN0491.1,E2F3::DRGX,GGCGCTAATTGC
UN0491.2,E2F3::DRGX,GGCGCTAATT
UN0492.1,E2F3::ONECUT2,AGGGCGCCATTATCGATT
UN0493.1,E2F3::ONECUT2,ATGGCGCGAATTATCGATC
UN0492.2,E2F3::ONECUT2,GCGCCATTATCGAT
UN0493.2,E2F3::ONECUT2,GCGCGAATTATCGAT
MA0470.1,E2F4,GGGCGGGAAGG
MA0470.2,E2F4,TTTTGGCGCCATTT
MA0470.3,E2F4,TTTTGGCGCCATT
MA0471.1,E2F6,GGGCGGGAAGG
MA0471.2,E2F6,GGGGGCGGGAAGG
MA0471.3,E2F6,GGCGGGAA
MA0758.1,E2F7,TTTTCCCGCCAAAA
MA0865.1,E2F8,TTTCCCGCCAAA
MA0865.2,E2F8,TTCCCGCCAAAA
MA0865.3,E2F8,TTCCCGCCA
UN0801.1,E4F1,CGGAAGT
MA0154.2,EBF1,GTCCCCAGGGA
MA0154.3,EBF1,ATTCCCAAGGGAAT
MA0154.4,EBF1,AGTCCCCAGGGGACT
MA0154.5,EBF1,TCCCCAGGGGA
MA1637.1,EBF3,TTCCCAAGGGAAT
MA1637.2,EBF3,CCCAAGGGA
MA0162.2,EGR1,CCCCCGCCCCCGCC
MA0162.3,EGR1,TACGCCCACGCATT
MA0162.4,EGR1,CCACGCCCACGCCC
MA0162.5,EGR1,ACGCCCACGC
MA0472.2,EGR2,ACGCCCACGCA
MA0732.1,EGR3,CTACGCCCACGCACT
MA0732.2,EGR3,ACGCCCACGCA
MA0733.1,EGR4,TTACGCCCACGCATTT
MA0733.2,EGR4,ACGCCCACGCA
MA0598.1,EHF,CCTTCCTG
MA0598.2,EHF,AACCCGGAAGTA
MA0598.3,EHF,CTCACTTCCTGTTTC
MA0598.4,EHF,CACTTCCTG
MA0473.1,ELF1,GAACCAGGAAGTG
MA0473.2,ELF1,AACCCGGAAGTG
MA0473.3,ELF1,AAACAGGAAGTGGG
MA0473.4,ELF1,CAGGAAGTG
MA1483.1,ELF2,AACCCGGAAGTA
MA1483.2,ELF2,AACCCGGAAGTA
MA1483.3,ELF2,ACCCGGAAGT
MA0640.1,ELF3,AACCCGGAAGTAA
MA0640.2,ELF3,TTCCACTTCCTGGT
MA0640.3,ELF3,CACTTCCTG
MA0641.1,ELF4,AACCCGGAAGTG
MA0136.2,ELF5,ACCCGGAAGTA
MA0028.1,ELK1,GAGCCGGAAG
MA0028.2,ELK1,ACCGGAAGTG
MA0028.3,ELK1,ACCGGAAGT
UN0494.1,ELK1::EOMES,ACCGGAAGTAGGTGTGA
UN0495.1,ELK1::ETV7,AACCGGACGGATGTCCGGTT
UN0495.2,ELK1::ETV7,CCGGACGGATGTCCGG
UN0496.1,ELK1::FOXI1,ACCGGAAGTGTAAACAT
UN0497.1,ELK1::FOXI1,GCCGGAAGGTAAACAT
UN0496.2,ELK1::FOXI1,ACCGGAAGTGTAAACA
MA1931.1,ELK1::HOXA1,ACCGGAAGTAATTA
UN0498.1,ELK1::HOXA3,GCCGGAAATTGA
UN0498.2,ELK1::HOXA3,CCGGAAATTG
MA1932.1,ELK1::HOXB13,ACCGGAAGTTGTAAAA
MA1932.2,ELK1::HOXB13,ACCGGAAGTTGTAAA
UN0499.1,ELK1::ONECUT2,ACCGGAACCGATCGATAC
UN0499.2,ELK1::ONECUT2,ACCGGAACCGATCGAT
UN0500.1,ELK1::PAX1,ACCGGAACTACGCTTCACTG
UN0501.1,ELK1::PAX5,ACCGGAACTACGCATCACTG
UN0502.1,ELK1::PAX9,ACCGGAACTACGCTTGACTG
UN0503.1,ELK1::SPDEF,ACCGGACGGATATCCGGG
UN0503.2,ELK1::SPDEF,CCGGACGGATATCCGG
MA1933.1,ELK1::SREBF2,ACCGGAAGTGGCGTGA
MA1933.2,ELK1::SREBF2,CCGGAAGTGGCGTGA
UN0504.1,ELK1::TEF,ACCGGAAGTTACGTAAC
UN0504.2,ELK1::TEF,CCGGAAGTTACGTAA
MA0759.1,ELK3,ACCGGAAGTA
MA0759.2,ELK3,ACCGGAAGTGG
MA0759.3,ELK3,ACCGGAAGT
MA0076.1,ELK4,ACCGGAAGT
MA0076.2,ELK4,CCACTTCCGGC
MA0076.3,ELK4,CACTTCCGG
MA0612.1,EMX1,CCTAATTACC
MA0612.2,EMX1,CTAATTAG
MA0612.3,EMX1,TAATTA
MA0886.1,EMX2,GCTAATTAGC
MA0886.2,EMX2,TAATTA
MA0027.2,EN1,CTAATTAG
MA0027.3,EN1,TAATTA
MA0642.1,EN2,CCCAATTAGC
MA0642.2,EN2,CCCAATTA
MA0642.3,EN2,CCAATTA
MA0800.1,EOMES,AAGGTGTGAAAAT
MA0800.2,EOMES,AGGTGTGAA
MA2325.1,EPAS1,CGCACGTAC
MA0760.1,ERF,ACCGGAAGTG
MA0760.2,ERF,ACCGGAAGT
UN0505.1,ERF::CEBPD,AGCGGAAATTGCGCAAT
UN0505.2,ERF::CEBPD,CGGAAATTGCGCAAT
UN0506.1,ERF::ETV7,ACCGGACGGATGTCCGGG
UN0506.2,ERF::ETV7,GGACGGATGTCC
MA1934.1,ERF::FIGLA,ACCGGAAACACCTGGT
MA1934.2,ERF::FIGLA,CCGGAAACACCTG
MA1935.1,ERF::FOXI1,GTAAACAGGAAGTG
MA1935.2,ERF::FOXI1,AAACAGGAAG
MA1936.1,ERF::FOXO1,GTAAACAGGAAGTG
MA1936.2,ERF::FOXO1,GTAAACAGGAAG
MA1937.1,ERF::HOXB13,ACCGGAAGTCGTAAAA
MA1937.2,ERF::HOXB13,CGGAAGTCGTAAA
UN0507.1,ERF::MAX,ACCGGAAACACGTGG
UN0507.2,ERF::MAX,CCGGAAACACGTG
MA1938.1,ERF::NHLH1,AGCAGCTGCCGGAAGTA
MA1938.2,ERF::NHLH1,AGCAGCTGCCGGAAGT
MA1939.1,ERF::SREBF2,GCCGGAAATCACGTGAT
MA1939.2,ERF::SREBF2,CCGGAAATCACGTGAT
UN0508.1,ERF::TBX21,TCACACCGGAAG
MA0474.2,ERG,ACCGGAAGTG
MA0112.1,ESR1,CCAGGTCACCGTGACCCC
MA0112.2,ESR1,GGCCCAGGTCACCCTGACCT
MA0112.3,ESR1,AAGGTCACGGTGACCTG
MA0112.4,ESR1,AGGTCACGGTGACCT
MA0258.1,ESR2,CAAGGTCACGGTGACCTG
MA0258.2,ESR2,AGGTCACCCTGACCT
UN0308.1,ESR2,GCCAGGTCAGGG
UN0308.2,ESR2,AGGTCAG
MA0592.1,ESRRA,CCAAGGTCACA
MA0592.3,ESRRA,GCTCAAGGTCACA
MA0592.4,ESRRA,TCAAGGTCA
MA0141.3,ESRRB,TCAAGGTCATA
MA0141.4,ESRRB,TCAAGGTCAT
MA0644.1,ESX1,ACCAATTAAC
MA0644.2,ESX1,CTAATTAG
MA0644.3,ESX1,CTAATTA
MA0098.1,ETS1,CTTCCG
MA0098.3,ETS1,ACCGGAAGTG
MA0098.4,ETS1,ACCGGAAGT
MA1484.1,ETS2,GACCGGAAGT
MA1484.2,ETS2,ACCGGAAGT
MA0761.1,ETV1,ACCGGAAGTA
MA0761.2,ETV1,AAACAGGAAGTGAA
MA0761.3,ETV1,ACAGGAAGT
MA0762.1,ETV2,AACCGGAAATA
MA0762.2,ETV2,ACCGGAAAT
UN0509.1,ETV2::BHLHA15,ACCGGAAACATATGG
UN0510.1,ETV2::CEBPD,ACCGGAAGTTGCGCAAC
UN0510.2,ETV2::CEBPD,CCGGAAGTTGCGCAA
MA1940.1,ETV2::DRGX,ACCGGAAGTAATTA
MA1940.2,ETV2::DRGX,CGGAAGTAATTA
UN0511.1,ETV2::EOMES,TCACACCGGAAGT
UN0511.2,ETV2::EOMES,TCACACCGGAAG
UN0512.1,ETV2::ETV7,ACCGGACGGATTTCCGCG
UN0512.2,ETV2::ETV7,GGACGGATTTCC
MA1941.1,ETV2::FIGLA,ACCGGAAACAGGTGGT
MA1941.2,ETV2::FIGLA,CCGGAAACAGGTG
MA1942.1,ETV2::FOXI1,CGTAAACAGGAAGTG
UN0513.1,ETV2::FOXI1,ACCGGAAGTGTAAACAT
UN0514.1,ETV2::FOXI1,ACCGGATGTTGA
UN0515.1,ETV2::FOXI1,TGTTGACGGAAGTG
MA1942.2,ETV2::FOXI1,AAACAGGAAGT
UN0513.2,ETV2::FOXI1,CCGGAAGTGTAAACA
UN0514.2,ETV2::FOXI1,ACCGGATGTTG
UN0515.2,ETV2::FOXI1,TGTTGACGGAAGT
UN0516.1,ETV2::FOXO6,ACCGGATGTTTTC
UN0516.2,ETV2::FOXO6,ACCGGATGTTT
MA1943.1,ETV2::HOXB13,ACCGGAAACATAAAC
MA1943.2,ETV2::HOXB13,CCGGAAACATAAA
UN0517.1,ETV2::NHLH1,AGCAGCTGCCGGAAGTT
UN0517.2,ETV2::NHLH1,AGCAGCTGCCGGAAGT
UN0518.1,ETV2::ONECUT2,AATCAATACCGGAAGTG
UN0519.1,ETV2::ONECUT2,AATCGATAACCGGAAGTG
UN0518.2,ETV2::ONECUT2,ATCAATACCGGAAGT
UN0519.2,ETV2::ONECUT2,AATCGATAACCGGAAGT
UN0520.1,ETV2::SPDEF,GCCGGACGGAAATCCGCCT
UN0520.2,ETV2::SPDEF,CGGACGGAAATCCGC
UN0521.1,ETV2::SREBF2,ATGACGTGACGGAAGT
UN0521.2,ETV2::SREBF2,ATGACGTGACGGAAG
UN0522.1,ETV2::TEF,ACCGGAAGTTACGTAAC
UN0522.2,ETV2::TEF,CCGGAAGTTACGTAAC
MA0763.1,ETV3,ACCGGAAGTG
MA0763.2,ETV3,ACCGGAAGT
MA0764.1,ETV4,ACCGGAAGTA
MA0764.2,ETV4,ACAGGAAGTG
MA0764.3,ETV4,ACCGGAAGTG
MA0764.4,ETV4,ACCGGAAGT
MA0765.1,ETV5,ACCGGAAGTG
MA0765.2,ETV5,CCACTTCCGGC
MA0765.3,ETV5,ACCGGAAGTG
MA0765.4,ETV5,ACCGGAAGT
UN0523.1,ETV5::CEBPD,GCCGGATGTTGCGCAAT
UN0523.2,ETV5::CEBPD,CCGGATGTTGCGCAAT
MA1944.1,ETV5::DRGX,ACCGGAAGTAATTA
MA1944.2,ETV5::DRGX,CGGAAGTAATTA
UN0524.1,ETV5::ETV7,GGGGAAGGATGTCCGGG
UN0524.2,ETV5::ETV7,GGAAGGATGTCC
MA1945.1,ETV5::FIGLA,GGCGGAAGCAGGTGG
MA1945.2,ETV5::FIGLA,GGCGGAAGCAGGTG
MA1946.1,ETV5::FOXI1,GTAAACAGGAAGT
MA1946.2,ETV5::FOXI1,GTAAACAGGAAG
MA1947.1,ETV5::FOXO1,GTAAACAGGAAGT
MA1947.2,ETV5::FOXO1,GTAAACAGGA
MA1948.1,ETV5::HOXA2,AGCGGAAGTAATTA
MA1948.2,ETV5::HOXA2,CGGAAGTAATTA
MA0645.1,ETV6,AGCGGAAGTG
MA0645.2,ETV6,GCGGAAGTG
MA1708.1,ETV7,AGGCGGAAGTG
MA1708.2,ETV7,GCGGAAGTG
MA0887.1,EVX1,GGTAATTAGC
MA0887.2,EVX1,TAATTA
MA0888.1,EVX2,GGTAATTAGC
MA0888.2,EVX2,TAATTA
MA0149.1,EWSR1-FLI1,GGAAGGAAGGAAGGAAGG
MA1485.1,FERD3L,GCAACAGCTGTTAC
MA0156.1,FEV,CAGGAAAT
MA0156.2,FEV,ACCGGAAGTG
MA0156.3,FEV,AACCGGAAGTGA
MA0156.4,FEV,ACCGGAAGT
UN0121.1,FEZF1,ATAAAAGGCAG
UN0121.2,FEZF1,AAAAGGC
MA2341.1,FEZF2,CCCAGCCT
MA0820.1,FIGLA,ACCACCTGTT
MA0820.2,FIGLA,CACCTG
MA0475.1,FLI1,ACAGGAAGTGG
MA0475.2,FLI1,ACCGGAAGTG
MA0475.3,FLI1,ACCGGAAGT
UN0525.1,FLI1::BHLHA15,ACCGGAAACATATGG
UN0525.2,FLI1::BHLHA15,CCGGAAACATATGG
UN0526.1,FLI1::CEBPB,ACCGGAAGTTGCGCAAT
UN0527.1,FLI1::CEBPD,ACCGGAAATTGCGCAAT
UN0527.2,FLI1::CEBPD,CGGAAATTGCGCAAT
MA1949.1,FLI1::DRGX,ACCGGAAGTAATTAT
MA1949.2,FLI1::DRGX,ACCGGAAGTAATTA
UN0528.1,FLI1::ETV7,ACCGGACGGATTTCCGGT
UN0528.2,FLI1::ETV7,CGGACGGATTTCCG
UN0529.1,FLI1::FIGLA,ACCGGAAACAGCTGG
UN0529.2,FLI1::FIGLA,CCGGAAACAGCTG
MA1950.1,FLI1::FOXI1,GTAAACAGGAAGTG
UN0530.1,FLI1::FOXI1,ACCGGATGTTTAC
MA1950.2,FLI1::FOXI1,TAAACAGGAAG
UN0530.2,FLI1::FOXI1,CCGGATGTTTA
UN0531.1,FLI1::HOXB13,ACCGGAAGTCGTAAAA
UN0532.1,FLI1::MAX,ACCGGAAACACGTGG
UN0532.2,FLI1::MAX,CCGGAAACACGTG
MA0476.1,FOS,TGTGACTCATT
MA1951.1,FOS,TGATGACGTCATCA
MA0476.2,FOS,TGACTCAT
MA1951.2,FOS,GATGACGTCATCA
MA0099.2,FOS::JUN,TGACTCA
MA0099.3,FOS::JUN,ATGAGTCATC
MA1126.1,FOS::JUN,GATGACGTCATCATTT
MA0099.4,FOS::JUN,ATGAGTCAT
MA1126.2,FOS::JUN,ATGACGTCAT
MA1134.1,FOS::JUNB,GATGAGTCATCC
MA1134.2,FOS::JUNB,ATGAGTCAT
MA1141.1,FOS::JUND,GGATGAGTCATCG
MA1141.2,FOS::JUND,ATGAGTCAT
UN0122.1,FOSB,GATGACGTCATC
UN0122.2,FOSB,ATGACGTCAT
MA1127.1,FOSB::JUN,GATGACGTCAT
MA1135.1,FOSB::JUNB,GATGACTCAT
MA1136.1,FOSB::JUNB,ATGACGTCAT
MA1135.2,FOSB::JUNB,ATGACTCAT
MA0477.1,FOSL1,GGTGACTCATG
MA0477.2,FOSL1,TGATGACTCATCC
MA0477.3,FOSL1,ATGACTCAT
MA1128.1,FOSL1::JUN,TGATGACTCATCC
MA1129.1,FOSL1::JUN,ATGACGTCAT
MA1128.2,FOSL1::JUN,ATGACTCAT
MA1137.1,FOSL1::JUNB,TGATGACTCATAC
MA1137.2,FOSL1::JUNB,ATGACTCAT
MA1142.1,FOSL1::JUND,GATGACTCAT
MA1143.1,FOSL1::JUND,ATGACGTAAC
MA1142.2,FOSL1::JUND,ATGACTCA
MA1143.2,FOSL1::JUND,ATGACGTAA
MA0478.1,FOSL2,GGATGACTCAT
MA0478.2,FOSL2,GATGACTCAT
MA1130.1,FOSL2::JUN,GGATGAGTCATC
MA1131.1,FOSL2::JUN,GATGACGTCAT
MA1130.2,FOSL2::JUN,ATGAGTCAT
MA1131.2,FOSL2::JUN,ATGACGTCAT
MA1138.1,FOSL2::JUNB,GATGACTCAT
MA1139.1,FOSL2::JUNB,GATGACGTCATC
MA1138.2,FOSL2::JUNB,ATGACTCAT
MA1139.2,FOSL2::JUNB,ATGACGTCAT
MA1144.1,FOSL2::JUND,GATGACTCAT
MA1145.1,FOSL2::JUND,TGATGACGTCATCGC
MA1144.2,FOSL2::JUND,ATGACTCAT
MA1145.2,FOSL2::JUND,ATGACGTCAT
MA0148.1,FOXA1,TGTTTACTTTG
MA0148.2,FOXA1,TGTTTACTTTG
MA0148.3,FOXA1,TCCATGTTTACTTTG
MA0148.4,FOXA1,ATGTAAACATGT
MA0148.5,FOXA1,GTAAACAT
MA0047.3,FOXA2,ATGTAAACATA
MA0047.4,FOXA2,TGTAAACA
MA1683.1,FOXA3,ATGTAAACATA
MA1683.2,FOXA3,GTAAACA
MA0845.1,FOXB1,TATGTAAATAT
MA0032.1,FOXC1,GGTAAGTA
MA0032.2,FOXC1,TATGTAAATAT
MA0846.1,FOXC2,TAAGTAAACAAA
MA0846.2,FOXC2,TAAGTAAACAA
MA0031.1,FOXD1,GTAAACAT
MA0031.2,FOXD1,GTAAACA
MA0847.1,FOXD2,GTAAACA
MA0847.2,FOXD2,GTTAAGTAAACAA
MA0847.3,FOXD2,CTTAAACAAACA
MA0847.4,FOXD2,TTAAACAAACA
MA0041.2,FOXD3,AAAGTAAATAAACAAT
MA0041.3,FOXD3,AAAGTAAATAAACA
MA1487.1,FOXE1,CCTTAAATAAACAAT
MA1487.2,FOXE1,CCTAAATAAACAAA
MA1487.3,FOXE1,CTAAATAAACAA
MA0030.1,FOXF2,CAAACGTAAACAAT
MA0030.2,FOXF2,CGTAAACAA
MA0613.1,FOXG1,GTAAACAA
MA0479.1,FOXH1,TCCAATCCACA
MA0479.2,FOXH1,AATCCACA
MA0042.1,FOXI1,GGATGTTTGTTT
MA0042.2,FOXI1,GTAAACA
MA1952.1,FOXJ2::ELF1,ATAAACAGGAAGTA
MA1952.2,FOXJ2::ELF1,AAACAGGAAGT
UN0533.1,FOXJ2::HOXB13,GTAAACAAATAAAA
UN0534.1,FOXJ2::PITX1,TAAACAGGATTA
MA0852.2,FOXK1,AATGTAAACAAGGC
MA0852.3,FOXK1,GTAAACA
MA1103.1,FOXK2,ATGTAAACAAG
MA1103.2,FOXK2,ATGTAAACAAG
MA1103.3,FOXK2,GTAAACA
MA0033.1,FOXL1,TATACATA
MA0033.2,FOXL1,GTAAACA
UN0802.1,FOXM1,GTAAACA
MA1489.1,FOXN3,GTAAACAA
MA1953.1,FOXO1::ELF1,GTAAACAGGAAGTA
UN0535.1,FOXO1::ELF1,GTGTTGCCGGAAGTG
MA1953.2,FOXO1::ELF1,GTAAACAGGAAGT
UN0535.2,FOXO1::ELF1,TGTTGCCGGAAG
MA1954.1,FOXO1::ELK1,ATCAACAGGAAGTG
UN0536.1,FOXO1::ELK1,GCCGGATGTTGTG
MA1954.2,FOXO1::ELK1,ATCAACAGGAAGT
UN0536.2,FOXO1::ELK1,GCCGGATGTTGT
MA1955.1,FOXO1::ELK3,GTAAACAGGAAGTG
MA1955.2,FOXO1::ELK3,GTAAACAGGAAGT
MA1956.1,FOXO1::FLI1,GTAAACAGGAAGTG
MA1956.2,FOXO1::FLI1,GTAAACAGGAAGT
MA0157.1,FOXO3,TGTAAACA
MA0157.2,FOXO3,GTAAACAA
MA0848.1,FOXO4,GTAAACA
MA0849.1,FOXO6,GTAAACA
MA0481.1,FOXP1,CAAAAGTAAACAAAG
MA0481.2,FOXP1,AAGTAAACAGAA
MA0481.3,FOXP1,ATGTAAACATA
MA0481.4,FOXP1,GTAAACA
MA0593.1,FOXP2,AAGTAAACAAA
MA0593.2,FOXP2,AGTAAACAA
MA0850.1,FOXP3,GTAAACA
MA2117.1,FOXP4,GTAAACA
UN0123.1,FOXR2,ATATAAACATAAATAAA
UN0123.2,FOXR2,ATATAAACATAAATAA
MA2118.1,FOXS1,TGTAAACA
MA0062.1,GABPA,ACCGGAAGAG
MA0062.3,GABPA,CCCACTTCCTGTTT
MA0062.4,GABPA,CACTTCCTGT
MA0035.4,GATA1,TTCTAATCTAT
MA0035.5,GATA1,CTAATCT
MA0140.2,GATA1::TAL1,CTTATCTGTGAGGAGCAG
MA0140.3,GATA1::TAL1,TTATCTGTGAGGAGCAG
MA0036.1,GATA2,GGATA
MA0036.2,GATA2,AGATTCTTATCTGT
MA0036.3,GATA2,TTCTTATCTTT
MA0036.4,GATA2,CTTATCT
MA0037.1,GATA3,AGATAG
MA0037.2,GATA3,AGATAAGA
MA0037.3,GATA3,AGATAAGA
MA0482.2,GATA4,TTCCTTATCTTT
MA0482.3,GATA4,CCTTATCT
MA0766.1,GATA5,AGATAAGA
MA0766.2,GATA5,CAGATAAGGA
MA0766.3,GATA5,AGATAAGG
MA1104.1,GATA6,AAAAGATAAGAAA
MA1104.2,GATA6,TTATCTTATCTTT
MA1104.3,GATA6,TCTTATCT
MA0889.1,GBX1,ACTAATTAGC
MA0889.2,GBX1,CTAATTA
MA0890.1,GBX2,ACCAATTAGC
MA0890.2,GBX2,CAATTA
MA0646.1,GCM1,CATGCGGGTAC
MA0646.2,GCM1,ATGCGGGTAC
UN0540.1,GCM1::ELF1,CACCCGCACGGAAGTG
UN0540.2,GCM1::ELF1,ACCCGCACGGAAGT
UN0541.1,GCM1::ELK1,ATGCGGGCGGAAGTG
UN0541.2,GCM1::ELK1,TGCGGGCGGAAG
UN0542.1,GCM1::ELK3,ACCCGCAGCCGGAAGT
UN0543.1,GCM1::ELK3,ATGCGGGCGGAAGTG
UN0544.1,GCM1::ETV4,ATGCGGGCGGAAGTG
UN0544.2,GCM1::ETV4,ATGCGGGCGGAAGT
UN0545.1,GCM1::FOXI1,GTGTTGATGCGGGC
UN0545.2,GCM1::FOXI1,TGTTGATGCGGG
UN0546.1,GCM1::HOXB13,ACCCGCACCAATAAA
UN0547.1,GCM1::HOXB13,ATGCGGGTAATAAAA
UN0546.2,GCM1::HOXB13,CCCGCACCAATAAA
UN0547.2,GCM1::HOXB13,ATGCGGGTAATAAA
UN0548.1,GCM1::ONECUT2,ATGCGGGAAATCGATA
UN0548.2,GCM1::ONECUT2,ATGCGGGAAATCGAT
UN0549.1,GCM1::SOX2,ATGCGGGTGCATTGTTC
UN0549.2,GCM1::SOX2,ATGCGGGTGCATTGTT
UN0550.1,GCM1::TBX21,AGGTGTCATGCGGGTT
UN0550.2,GCM1::TBX21,AGGTGTCATGCGGG
MA0767.1,GCM2,TATGCGGGTA
MA0767.2,GCM2,ATGCGGGT
UN0551.1,GCM2::DRGX,ATGCGGGTAATTAG
UN0551.2,GCM2::DRGX,ATGCGGGTAATTA
UN0552.1,GCM2::ELK1,ATGCGGGCGGAAGTG
UN0552.2,GCM2::ELK1,TGCGGGCGGAAGT
UN0553.1,GCM2::HOXA13,ATGCGGGTAATAAAA
UN0553.2,GCM2::HOXA13,ATGCGGGTAATAAA
UN0554.1,GCM2::PITX1,ATGCGGGCGATTAG
UN0554.2,GCM2::PITX1,TGCGGGCGATTA
UN0555.1,GCM2::TBX21,AGGTGTCATGGGGGT
UN0555.2,GCM2::TBX21,AGGTGTCATGGGGG
MA0038.2,GFI1,CAAATCACTGCA
MA0038.3,GFI1,AAATCACTGCA
MA0734.1,GLI2,GCGACCACACTG
MA0734.2,GLI2,AGACCACCCACGTCG
MA1491.1,GLI3,AGACCACCCACGTCG
MA1491.2,GLI3,GGACCACCCACGTCGC
MA1491.3,GLI3,GGACCACCCACGTCG
UN0556.1,GLI4,GGGGGCCTTGAA
UN0556.2,GLI4,GGGCCTTGAA
MA0735.1,GLIS1,AGACCCCCCACGAAGC
MA0735.2,GLIS1,AGACCCCCCACGAAG
MA0736.1,GLIS2,GACCCCCCGCGAAG
MA0737.1,GLIS3,GACCCCCCACGAAG
MA0862.1,GMEB2,TTACGTAA
MA0647.1,GRHL1,AAAACCGGTTTT
MA0647.2,GRHL1,AAACCGGTTT
MA1105.1,GRHL2,GACAAACCAGTTTTT
MA1105.2,GRHL2,AAAACAGGTTTT
MA1105.3,GRHL2,AACAGGTT
MA0648.1,GSC,GCTAATCCCC
MA0648.2,GSC,TAATCC
MA0891.1,GSC2,CCTAATCCGC
MA0891.2,GSC2,TAATCC
MA0892.1,GSX1,CCTAATTAAA
MA0892.2,GSX1,TAATTA
MA0893.1,GSX2,ACTAATTAAA
MA0893.2,GSX2,GTAATTAG
MA0893.3,GSX2,GTAATTA
MA1638.1,HAND2,ACCAGATGGC
MA1638.2,HAND2,CAGATG
MA1099.2,HES1,GGCACGTGGC
MA1099.3,HES1,GGCACGTG
MA0616.2,HES2,GGCACGTGCC
MA0616.3,HES2,GGCACGTGC
MA0821.1,HES5,CGGCACGTGCCA
MA0821.2,HES5,GGCACGTGCC
MA1493.1,HES6,GGCACGTGTT
MA0822.1,HES7,TGGCACGTGCCA
MA0894.1,HESX1,GCTAATTGGC
MA0894.2,HESX1,TAATTG
MA0823.1,HEY1,GACACGTGCC
MA0649.1,HEY2,GACACGTGCC
MA0649.2,HEY2,GACACGTGC
MA0738.1,HIC2,ATGCCCACC
MA0738.2,HIC2,ATGCCC
MA1106.1,HIF1A,GTACGTGCCC
MA1106.2,HIF1A,ACGTGC
MA0131.1,HINFP,TAACGTCCGC
MA0131.2,HINFP,CAACGTCCGCGG
MA0131.3,HINFP,ACGTCCGC
UN0557.1,HKR1,TAAGGAGGACACA
UN0557.2,HKR1,AAGGAGGACA
MA0043.1,HLF,GGTTACGCAATA
MA0043.2,HLF,CATTACGTAACC
MA0043.3,HLF,TTGTTATGCAACAA
MA0043.4,HLF,TTATGCAAC
MA0895.1,HMBOX1,ACTAGTTAAC
MA0895.2,HMBOX1,TAGTTAA
MA0046.2,HNF1A,AGTTAATGATTAACT
MA0046.3,HNF1A,GTTAATGATTAAC
MA0153.1,HNF1B,TTAATATTTAAC
MA0153.2,HNF1B,GTTAATGATTAAC
MA0114.2,HNF4A,CTGGACTTTGGACTC
MA1494.1,HNF4A,GGGTCCAAAGGTCAC
MA0114.4,HNF4A,TCCAAAGTCCAAA
MA1494.2,HNF4A,GGGTCCAAAGGTCA
MA0114.5,HNF4A,CAAAGTCCA
MA0484.1,HNF4G,AGAGTCCAAAGTCCA
MA0484.2,HNF4G,TCCAAAGTCCAGA
MA0484.3,HNF4G,CAAAGTCCA
MA1495.1,HOXA1,GTAATTAC
MA1495.2,HOXA1,TAATTA
MA0899.1,HOXA10,GGTAATAAAAA
MA0899.2,HOXA10,GTAATAAAA
MA0650.1,HOXA13,CCAATAAAAA
MA0650.2,HOXA13,CCCAATAAAAC
MA0900.1,HOXA2,CCTAATTACC
MA0900.2,HOXA2,GTAATTAG
MA0900.3,HOXA2,TAATTA
MA2119.1,HOXA3,GTAATTA
MA1496.1,HOXA4,GTCATTAG
MA1496.2,HOXA4,GTCATTA
MA0158.1,HOXA5,CACTAATT
MA0158.2,HOXA5,GTAATTAC
MA1497.1,HOXA6,GGTAATTAAC
MA1497.2,HOXA6,GTAATTA
MA1498.1,HOXA7,GCAATTAC
MA1498.2,HOXA7,GCAATTAA
MA1498.3,HOXA7,CAATTA
MA0594.2,HOXA9,GTCGTAAACG
MA0594.3,HOXA9,GTCGTAA
MA2093.1,HOXB1,GTAATTA
MA0901.1,HOXB13,CCAATAAAAC
MA0901.2,HOXB13,AACCAATAAAATTT
MA0901.3,HOXB13,CCAATAAAA
UN0559.1,HOXB13::ELK1,ACCGGAAGTCATAAAA
UN0559.2,HOXB13::ELK1,ACCGGAAGTCATAAA
MA0902.1,HOXB2,AGTAATTAAC
MA0902.2,HOXB2,GTAATTAG
MA0902.3,HOXB2,TAATTA
MA1957.1,HOXB2::ELK1,ACCGGAAGTCATTA
UN0560.1,HOXB2::ELK1,TAATTACCGGAAGTG
UN0560.2,HOXB2::ELK1,TAATTACCGGAAGT
UN0561.1,HOXB2::PAX1,CCGTCACGCTTCATTAA
UN0561.2,HOXB2::PAX1,CGTCACGCTTCATTAA
UN0562.1,HOXB2::PAX5,CCGTCACGCATCATTAC
UN0562.2,HOXB2::PAX5,GTCACGCATCATTAC
UN0563.1,HOXB2::PAX9,CGTCACGCCTCATTAA
UN0564.1,HOXB2::TBX21,GAGGTGTTAATGG
UN0564.2,HOXB2::TBX21,AGGTGTTAATG
UN0565.1,HOXB2::TBX3,AGGTGTTAATGG
UN0565.2,HOXB2::TBX3,AGGTGTTAATG
MA0903.1,HOXB3,ACTAATTAGC
MA0903.2,HOXB3,TAATTA
MA1499.1,HOXB4,ATCATTAG
MA1499.2,HOXB4,TCATTA
MA0904.2,HOXB5,GTAATTAC
MA0904.3,HOXB5,TAATTA
MA1500.1,HOXB6,TTAATTAC
MA1500.2,HOXB6,TAATTAC
MA1501.1,HOXB7,GGTAATTAAC
MA1501.2,HOXB7,GTAATTA
MA1502.1,HOXB8,GCAATTAC
MA1502.2,HOXB8,GCAATTA
MA1503.1,HOXB9,GTCGTAAAAT
MA1503.2,HOXB9,GTCGTAAAA
MA0905.1,HOXC10,GTCGTAAAAT
MA0905.2,HOXC10,GTCGTAAAA
UN0566.1,HOXC10::TBX21,TAACACCTCATAAA
MA0651.1,HOXC11,GGTCGTAAAAT
MA0651.2,HOXC11,AGGTCGTAAAAA
MA0651.3,HOXC11,AGGTCGTAAAA
MA0906.1,HOXC12,GGTCGTAAAAA
MA0906.2,HOXC12,GGTCGTAAAA
MA0907.1,HOXC13,GCTCGTAAAAA
MA0907.2,HOXC13,CTCGTAAAA
MA1504.1,HOXC4,GTCATTAA
MA1504.2,HOXC4,TCATTA
MA1505.1,HOXC8,GTAATTAC
MA1505.2,HOXC8,TAATTA
MA0485.2,HOXC9,GTCGTAAAAT
MA0485.3,HOXC9,GTCGTAAAA
MA1506.1,HOXD10,GGTCGTAAAAC
MA1506.2,HOXD10,GGTCGTAAAA
MA0908.1,HOXD11,GTCGTAAAAA
MA0908.2,HOXD11,GTCGTAAAA
MA0873.1,HOXD12,AGTCGTAAAAA
MA0873.2,HOXD12,AGTCGTAAAA
MA1958.1,HOXD12::ELK1,GGGCGGAAGTCGTAAAA
MA1958.2,HOXD12::ELK1,CGGAAGTCGTAAA
UN0567.1,HOXD12::ELK3,TTTTATGACCGGAAGTT
UN0567.2,HOXD12::ELK3,TTTATGACCGGAAGT
UN0568.1,HOXD12::ETV1,ACCGGAAGTCGTAAAA
UN0568.2,HOXD12::ETV1,ACCGGAAGTCGTAAA
UN0569.1,HOXD12::ETV4,ACCGGAAGTCGTAAAA
UN0569.2,HOXD12::ETV4,CCGGAAGTCGTAAAA
MA0909.1,HOXD13,CCAATAAAAA
MA0909.2,HOXD13,CCCAATAAAAC
MA0912.2,HOXD3,CTAATTAC
MA1507.1,HOXD4,ATCATTAG
MA1507.2,HOXD4,TCATTA
MA0910.2,HOXD8,GCAATTAC
MA0910.3,HOXD8,GCAATTA
MA0913.2,HOXD9,GCAATAAAAC
MA0913.3,HOXD9,GCAATAAAA
MA0486.1,HSF1,CTTCTAGAAGGTTCT
MA0486.2,HSF1,TTCTAGAACGTTC
MA0770.1,HSF2,TTCTAGAACGTTC
MA0771.1,HSF4,TTCTAGAACGTTC
UN0127.1,HSFY1,GTTCGAACGGTTCGAAC
UN0127.2,HSFY1,TTCGAACGGTTCGAA
MA1508.1,IKZF1,GAAACAGGAAGT
MA1508.2,IKZF1,AACAGGAA
MA2326.1,IKZF2,AGGAAG
MA0155.1,INSM1,TGTCAGGGGGCG
MA0050.1,IRF1,GAAAGCGAAACC
MA0050.2,IRF1,TTTTACTTTCACTTTCACTTT
MA0051.1,IRF2,GGAAAGCGAAACCAAAAC
MA0051.2,IRF2,GGAAAGCGAAACCAAA
MA1418.1,IRF3,GGGAAACGGAAACCGAAACTG
MA1418.2,IRF3,GAAACGGAAACCGAAAC
MA1419.1,IRF4,CCGAAACCGAAACTA
MA1419.2,IRF4,CGAAACCGAAACTA
MA1420.1,IRF5,CCGAAACCGAAACT
MA1509.1,IRF6,ACCGAAACT
MA0772.1,IRF7,ACGAAAGCGAAAGT
MA0772.2,IRF7,CGAAAGCGAAAGT
MA0652.1,IRF8,TCGAAACCGAAACT
MA0652.2,IRF8,CGAAACCGAAACT
MA0653.1,IRF9,AACGAAACCGAAACT
UN0130.1,IRX3,TACATGAATATTCATGTA
MA0914.1,ISL2,GCACTTAA
MA0914.2,ISL2,CACTTA
MA0654.1,ISX,CTAATTAA
MA0654.2,ISX,TAATTA
MA0655.1,JDP2,ATGACTCAT
MA0656.1,JDP2,GATGACGTCATC
MA0656.2,JDP2,ATGACGTCAT
MA0488.1,JUN,AAGATGATGTCAT
MA0489.1,JUN,AGGAGATGACTCAT
MA0488.2,JUN,ATGATGTCAT
MA1132.1,JUN::JUNB,GATGACTCAT
MA1133.1,JUN::JUNB,TGTGACGTCATT
MA1132.2,JUN::JUNB,ATGACTCA
MA1133.2,JUN::JUNB,TGTGACGTCAT
MA0490.1,JUNB,GGATGACTCAT
MA1140.1,JUNB,ATGACGTCAT
MA1140.2,JUNB,GATGACGTCATC
MA0490.2,JUNB,AAATGACTCATTT
MA1140.3,JUNB,ATGACGTCATC
MA0490.3,JUNB,ATGACTCAT
MA0491.1,JUND,GGTGACTCATC
MA0492.1,JUND,AAAGATGATGTCATC
MA0491.2,JUND,TGATGACTCATCC
MA0492.2,JUND,GATGATGTCAT
MA0491.3,JUND,ATGACTCAT
MA0493.2,KLF1,GGGGCGGGG
MA0493.3,KLF1,GGGCGGGG
MA1511.1,KLF10,GCCACACCCCC
MA1511.2,KLF10,GGGGCGGGG
MA1512.1,KLF11,GCCACGCCCAC
MA1512.2,KLF11,CCACGCCCAC
MA0742.2,KLF12,GGGGCGGGG
MA0657.1,KLF13,ATGCCACGCCCCTTTTTG
MA0657.2,KLF13,TGCCACGCCCCTTTTTG
MA0740.1,KLF14,GGCCACGCCCCCTT
MA0740.2,KLF14,GGGGCGGGG
MA1513.1,KLF15,GCCCCGCCCCC
MA1513.2,KLF15,CCCCGCCC
MA0741.1,KLF16,GCCACGCCCCC
MA1514.1,KLF17,CACCACGCACCCCTT
MA1514.2,KLF17,ACCACGCACCCCTT
MA1515.1,KLF2,CACCACGCCCA
MA1515.2,KLF2,CCACGCCC
MA1516.1,KLF3,GACCACGCCCA
MA1516.2,KLF3,GACCACGCCC
MA0039.3,KLF4,CCACACCCTGC
MA0039.4,KLF4,CGCCCCACCCCC
MA0039.5,KLF4,CCCCACCC
MA0599.1,KLF5,GCCCCGCCCC
MA1517.1,KLF6,GGCCACGCCCA
MA1517.2,KLF6,CCACGCCCA
MA1959.1,KLF7,GGGGCGGGG
MA1959.2,KLF7,GGGCGGGG
MA1107.1,KLF9,GGCCACACCCACC
MA1107.2,KLF9,CAGCCACACCCACCCC
MA1107.3,KLF9,GCCACACCCAC
MA0618.1,LBX1,TTAATTAG
MA0618.2,LBX1,TAATTAG
MA0699.1,LBX2,GCCAATTAGC
MA0699.2,LBX2,CAATTA
MA0768.1,LEF1,AAAGATCAAAGGGTT
MA1518.1,LHX1,GCAATTAC
MA0700.1,LHX2,ACTAATTAAC
MA0700.2,LHX2,AACCAATTAAT
MA0700.3,LHX2,CAATTA
MA1519.1,LHX5,GTAATTAA
MA1519.2,LHX5,GTAATTA
MA0658.1,LHX6,ACTAATTAGC
MA0658.2,LHX6,CTAATTAG
MA0701.1,LHX9,CCAATTAA
MA0701.2,LHX9,CTAATTAA
MA0701.3,LHX9,CTAATTA
MA0702.1,LMX1A,TTAATTAA
MA0702.2,LMX1A,TTAATTAA
MA0702.3,LMX1A,TTAATTA
MA0703.1,LMX1B,TTAATTAA
MA0703.2,LMX1B,ATTTTAATTAA
MA0703.3,LMX1B,TTAATTAA
MA1520.1,MAF,ATGCTGAGTCAGCAA
MA1520.2,MAF,TGCTGAGTCAGCA
MA0501.1,MAF::NFE2,ATGACTCAGCAATTT
MA0501.2,MAF::NFE2,ATGACTCAGCA
MA1521.1,MAFA,TTGCTGAGTCAGCAA
MA1521.2,MAFA,TGCTGAGTCAGCA
MA0495.1,MAFF,GCTGAGTCAGCAATTTTT
MA0495.2,MAFF,AATTTGCTGAGTCAGCAAATT
MA0495.3,MAFF,AAGTCAGCATTTTTTT
MA0495.4,MAFF,GTCAGCATTTT
MA0659.1,MAFG,AAATTGCTGAGTCAGCATATT
MA0659.2,MAFG,GAGTCAGCATTTTTT
MA0089.2,MAFG::NFE2L1,AGAATGACTCAGCAAT
MA0089.3,MAFG::NFE2L1,ATGACTCAGCA
MA0496.1,MAFK,CTGAGTCAGCAATTT
MA0496.2,MAFK,AATTGCTGAGTCAGCAAAT
MA0496.3,MAFK,TGCTGACTCAGCAAT
MA0496.4,MAFK,CTGACTCAGC
MA0058.1,MAX,AACCACGTGA
MA0058.2,MAX,AAGCACATGG
MA0058.3,MAX,ACCACGTGCT
MA0058.4,MAX,CACGTG
MA0059.1,MAX::MYC,GACCACGTGGT
MA0059.2,MAX::MYC,ACCACGTGGT
MA1522.1,MAZ,CGCCCCTCCCC
MA1522.2,MAZ,CCCCTCCC
MA0052.1,MEF2A,CTATTTATAG
MA0052.2,MEF2A,AGCTAAAAATAGCAT
MA0052.3,MEF2A,TCTAAAAATAGA
MA0052.4,MEF2A,TTCTAAAAATAGAAA
MA0052.5,MEF2A,CTAAAAATAG
MA0660.1,MEF2B,GCTATAAATAGC
MA0497.1,MEF2C,ATGCTAAAAATAGAA
MA0497.2,MEF2C,CTAAAAATAGA
MA0773.1,MEF2D,ACTATAAATAGA
MA0498.2,MEIS1,TTGACAG
MA1639.1,MEIS1,GTCATCAATCATT
MA0498.3,MEIS1,TGACA
MA1639.2,MEIS1,CATCAATCA
UN0570.1,MEIS1::DRGX,TGTCAATTAA
UN0570.2,MEIS1::DRGX,TGTCAATTA
UN0571.1,MEIS1::EVX1,TGACATCTAATCATTA
MA0774.1,MEIS2,TTGACAGC
MA1640.1,MEIS2,AAATGATTTATGGCT
MA1640.2,MEIS2,TGATTTATG
MA0775.1,MEIS3,TTGACAGG
MA0775.2,MEIS3,TTGACAG
MA0661.1,MEOX1,GCTAATTAAC
MA0661.2,MEOX1,CTAATTA
MA0706.1,MEOX2,AGTAATTAAC
MA0706.2,MEOX2,GTAATTA
UN0131.1,MESP2,CAACATATGGCG
MA0801.1,MGA,AGGTGTGA
UN0572.1,MGA::DLX2,AGGTGTTAATTG
UN0573.1,MGA::DLX3,AGGTGTTAATTG
MA1960.1,MGA::EVX1,AGGTGTTAATGA
MA1960.2,MGA::EVX1,AGGTGTTAATG
MA0620.2,MITF,TAAGGTCACGTGACCTTA
MA0620.3,MITF,TAAAGTCACGTGACTTTA
MA0620.4,MITF,GTCACGTGAC
MA0662.1,MIXL1,TCTAATTAAC
MA0662.2,MIXL1,TAATTA
MA0663.1,MLX,ATCACGTGAT
MA0664.1,MLXIPL,ATCACGTGAT
MA0664.2,MLXIPL,ATCACGTG
MA0825.1,MNT,ACCACGTGCC
MA0825.2,MNT,CACGTG
MA0707.1,MNX1,GGTAATTAAA
MA0707.2,MNX1,GTAATTAT
MA0707.3,MNX1,TAATTA
MA1523.1,MSANTD3,GTACACTCAC
MA1523.2,MSANTD3,CACTCAC
MA0665.1,MSC,AACAGCTGTT
MA1524.1,MSGN1,CGCCATATGTCC
MA0666.1,MSX1,CCAATTAG
MA0666.2,MSX1,CCAATTAA
MA0666.3,MSX1,CAATTA
MA0708.1,MSX2,CCAATTAA
MA0708.2,MSX2,CCAATTAA
MA0708.3,MSX2,CAATTA
MA0863.1,MTF1,TTTGCACACGGCAC
UN0803.1,MXD4,CCACGTGG
MA1108.1,MXI1,CGACCACGTGCCC
MA1108.2,MXI1,GACACATGGC
MA1108.3,MXI1,CACATG
MA0100.3,MYB,ACCAACTGTC
MA0100.4,MYB,CAACTG
MA0776.1,MYBL1,ACCGTTAACGGT
UN0574.1,MYBL1::TBX21,AGGTGTGACCGTTG
MA0777.1,MYBL2,AACCGTTAAACGGTC
MA0147.3,MYC,GGCCACGTGCCC
MA0147.4,MYC,CCACGTGC
MA0104.4,MYCN,GGCCACGTGGCC
MA0104.5,MYCN,CCACGTGG
MA1641.1,MYF5,GAACAGCTGTTC
MA1641.2,MYF5,ACAGCTGT
MA0667.1,MYF6,AACAGCTGTT
UN0132.1,MYNN,AGGGACTCTTATTT
UN0132.2,MYNN,GACTCTTAT
MA0499.2,MYOD1,CAGCACCTGTCCC
MA0499.3,MYOD1,GCACCTGTC
MA0500.2,MYOG,CAGCAGCTGCTG
MA0500.3,MYOG,GCAGCTGC
MA0056.1,MZF1,TGGGGA
MA0056.2,MZF1,CAAATCCCCACTT
MA0056.3,MZF1,AATCCCCA
UN0805.1,NANOG,ATTCCATTCCATTCCATT
MA1109.1,NEUROD1,GGACAGATGGCAG
MA1109.2,NEUROD1,ACAGATGG
MA0668.1,NEUROD2,GCCATATGGT
MA0623.2,NEUROG1,GACATATGTC
MA0669.1,NEUROG2,AACATATGTC
MA1642.1,NEUROG2,GGAACAGATGGCA
MA1642.2,NEUROG2,CAGATGG
MA0152.1,NFATC2,TTTTCCA
MA0625.1,NFATC3,ATTTTCCATT
MA0625.2,NFATC3,ATGGAAAAT
MA0625.3,NFATC3,TGGAAA
MA1525.1,NFATC4,AATGGAAAAT
MA1525.2,NFATC4,AATGGAAAAT
MA1525.3,NFATC4,ATGGAAAAT
MA0841.1,NFE2,CATGACTCATC
MA0841.2,NFE2,ATGACTCATC
MA0150.1,NFE2L2,ATGACTCAGCA
MA0670.1,NFIA,GGTGCCAAGT
MA0670.2,NFIA,TGCCAA
MA1643.1,NFIB,TGCCTGGCATTGTGCCAAGCA
MA1643.2,NFIB,CCTGGCATTGTGCCAAG
MA0161.1,NFIC,TTGGCA
MA0161.2,NFIC,TACTTGGCAGA
MA1527.1,NFIC,GTTGGCACGGTGCCAAC
MA0161.3,NFIC,CTTGGCA
MA1527.2,NFIC,TTGGCACGGTGCCAA
MA0119.1,NFIC::TLX1,TGGCACCATGCCAA
MA0025.1,NFIL3,TTATGTAACAT
MA0025.2,NFIL3,TATTATGCAATAT
MA0025.3,NFIL3,TTATGCAAT
MA0671.1,NFIX,CGTGCCAAG
MA1528.1,NFIX,GTTGGCACGGTGCCAGG
MA0671.2,NFIX,TGCCAA
MA1528.2,NFIX,TTGGCACGGTGCCA
MA0105.1,NFKB1,GGGAATTTCC
MA0105.2,NFKB1,GGGGATTCCCC
MA0105.3,NFKB1,GGGAATTTCCC
MA0105.4,NFKB1,AGGGGAATCCCCT
MA0778.1,NFKB2,AGGGGATTCCCCT
MA0778.2,NFKB2,GGGGATTCCCC
MA0060.1,NFYA,CTCAGCCAATCAGCGC
MA0060.2,NFYA,AGAGTGCTGATTGGTCCA
MA0060.3,NFYA,AACCAATCAGA
MA0060.4,NFYA,CCAATCAG
MA0502.1,NFYB,AAATGGACCAATCAG
MA0502.2,NFYB,CTCATTGGCCAG
MA0502.3,NFYB,TCATTGGCC
MA1644.1,NFYC,AGCCAATCAGA
MA1644.2,NFYC,CCAATCA
MA0048.1,NHLH1,GCGCAGCTGCGT
MA0048.2,NHLH1,CGCAGCTGCG
MA0048.3,NHLH1,CGCAGCTGC
MA1529.1,NHLH2,GGGCCGCAGCTGCGTCCC
MA1529.2,NHLH2,GGCCGCAGCTGCGTCC
MA1645.1,NKX2-2,TAACCACTCAAGAA
MA1645.2,NKX2-2,CCACTCAA
MA0672.1,NKX2-3,ACCACTTGAA
MA0672.2,NKX2-3,CCACTTGA
MA2003.1,NKX2-4,CCACTTGAAC
MA2003.2,NKX2-4,CCACTTGA
MA0063.2,NKX2-5,ACCACTCAAAA
MA0063.3,NKX2-5,CACTCAA
MA0673.1,NKX2-8,CCACTTGAA
MA0673.2,NKX2-8,CCACTTGA
MA0124.1,NKX3-1,ATACTTA
MA0122.2,NKX3-2,ACCACTTAA
MA0674.1,NKX6-1,GTAATTAA
MA0674.2,NKX6-1,TAATTAA
MA0675.1,NKX6-2,CTAATTAA
MA0675.2,NKX6-2,TAATTA
MA1530.1,NKX6-3,CTCATTAAA
MA1530.2,NKX6-3,CTCATTAA
UN0804.1,NONO,CTCACC
MA0710.1,NOTO,GCTAATTAGC
MA0710.2,NOTO,CTAATTA
MA1531.1,NR1D1,GGGTCAGTAGGTCAG
MA1531.2,NR1D1,GGGTCAGTAGGTCA
MA1532.1,NR1D2,GGGTTAGTGGGTCAT
MA1532.2,NR1D2,TGGGTTAGTAGGTCA
MA0115.1,NR1H2::RXRA,AAAGGTCAAAGGTCAAC
MA1110.1,NR1H4,TCAATGACCTA
MA1146.1,NR1H4::RXRA,GAGGTCATTGACCTT
MA1146.2,NR1H4::RXRA,AGGTCATTGACCT
MA1533.1,NR1I2,ATGAACTCGATGAACTC
MA1533.2,NR1I2,TGAACTCGATGAACT
MA1534.1,NR1I3,ATGAACTTT
MA1534.2,NR1I3,TGAACTTT
MA1535.1,NR2C1,CGAGGTCAC
MA1535.2,NR2C1,AGGTCA
MA0504.1,NR2C2,AGGGGTCAGAGGTCA
MA1536.1,NR2C2,GAGGTCAT
MA0504.2,NR2C2,GGGGTCAGAGGTCA
MA1536.2,NR2C2,AGGTCA
MA0017.1,NR2F1,TGACCTTTGAACCT
MA0017.2,NR2F1,CAAAGGTCAAGGG
MA1537.1,NR2F1,GAGGTCAAAGGTCAC
MA1538.1,NR2F1,AAGGTCATTGACCTT
MA0017.3,NR2F1,AAAGGTCAAGGG
MA1537.2,NR2F1,AGGTCAAAGGTCA
MA1111.1,NR2F2,CAAAGGTCAAA
MA1111.2,NR2F2,AAGGTCA
MA1539.1,NR2F6,AAGGTCACTGACCTT
MA0113.1,NR3C1,GGGAACATTATGTCCTAA
MA0113.3,NR3C1,GGGTACATAATGTTCCC
MA0113.4,NR3C1,GGTACATAATGTTCC
MA0727.1,NR3C2,GGGAACACAATGTTCCC
MA0727.2,NR3C2,GGAACACAATGTTCC
MA1112.1,NR4A1,AAAAGGTCAC
MA1112.2,NR4A1,TTAAAGGTCAAA
MA1112.3,NR4A1,AAAGGTCA
MA0160.1,NR4A2,AAGGTCAC
MA0160.2,NR4A2,TTAAAGGTCA
MA0160.3,NR4A2,AAAGGTCA
MA1147.1,NR4A2::RXRA,GAGGTCATTGACCCC
MA1147.2,NR4A2::RXRA,AGGTCATTGACCC
MA1540.1,NR5A1,GTCAAGGTCAC
MA1541.1,NR6A1,GTCAAGTTCAAGGTCAA
MA1541.2,NR6A1,CAAGTTCAAGGTCA
MA0506.1,NRF1,GCGCCTGCGCA
MA0842.1,NRL,AATTTGCTGAC
MA0842.2,NRL,AAAAGTGCTGACG
MA0842.3,NRL,AAAGTGCTGACG
MA0826.1,OLIG1,AACATATGTT
MA0678.1,OLIG2,ACCATATGGT
MA0827.1,OLIG3,ACCATATGTT
MA0679.1,ONECUT1,AAAAAATCGATAAT
MA0679.2,ONECUT1,AAAAAATCAATAAATA
MA0679.3,ONECUT1,AAATCAATA
MA0756.1,ONECUT2,AAAAAATCGATAAT
MA0756.2,ONECUT2,CGATCGATA
MA0756.3,ONECUT2,GATCGATA
MA0757.1,ONECUT3,AAAAAATCAATAAT
MA0757.2,ONECUT3,AAAAATCAATAA
MA1542.1,OSR1,TGCTACTGTT
MA1542.2,OSR1,GCTACTGT
MA1646.1,OSR2,AAACAGAAGCAG
MA1646.2,OSR2,ACAGAAGC
MA0711.1,OTX1,TTAATCCG
MA0711.2,OTX1,TAATCC
MA0712.1,OTX2,TTAATCCT
MA0712.2,OTX2,AAGGGATTAGAA
MA0712.3,OTX2,GGGATTA
MA1544.1,OVOL1,AAAACCGTTATTTG
MA1544.2,OVOL1,AAACCGTTAT
MA1545.1,OVOL2,GTACCGTTATGTG
MA1545.2,OVOL2,ACCGTTA
UN0806.1,OVOL3,GGACCGTTAG
MA1961.1,PATZ1,GGGGGGCGGGGG
MA1961.2,PATZ1,GGGGGCGGGGG
MA0779.1,PAX1,CGTCACGCATGACTGCA
MA0779.2,PAX1,CGTCACGCATGACTGC
MA0067.2,PAX2,TCAGTGAAGCGTGACGA
MA0067.3,PAX2,TCAGTGAAGCGTGACG
MA0780.1,PAX3,TAATCGATTA
MA1546.1,PAX3,CCGTCACGCTAATTAA
MA1546.2,PAX3,CGTCACGCTAATTA
MA0068.2,PAX4,CTAATTAG
MA0014.2,PAX5,GAGGGCAGCCAAGCGTGAC
MA0014.3,PAX5,GAGCGTGACCCC
MA0014.4,PAX5,GCGTGACC
MA0069.1,PAX6,TTCACGCATGAGTT
MA0680.1,PAX7,TAATCGATTA
MA2094.1,PAX8,CGTCACGCATGACTGC
MA0781.1,PAX9,CGTCACGCATGACTGCA
MA0781.2,PAX9,CGTCACGCATGACTGC
MA0070.1,PBX1,CCATCAATCAAA
MA0070.2,PBX1,ATCAATCAA
MA1113.1,PBX2,GTGATTGACAGG
MA1113.2,PBX2,GTCATAAATCATT
MA1113.3,PBX2,CATAAATCA
MA1114.1,PBX3,GGGTGAGTGACAGGCGG
MA1114.2,PBX3,TGAGTGACAGG
UN0807.1,PBX4,ATGAGTCAT
MA0132.2,PDX1,GTAATTAG
MA0132.3,PDX1,TAATTA
MA2327.1,PGR,ACAGTCTGT
MA0713.1,PHOX2A,TAATTTAATTA
MA0681.2,PHOX2B,TTTAATCAAATTATAT
MA0681.3,PHOX2B,TAATCAAATTAT
MA0682.2,PITX1,CTAATCCC
MA0682.3,PITX1,TAATCC
UN0575.1,PITX1::HES7,ACACGTGGGGGATTA
UN0576.1,PITX1::TBX21,AGGTGTGAAGGGATTA
MA1547.1,PITX2,ATAATCCC
MA1547.2,PITX2,TTAATCCC
MA0714.1,PITX3,CTTAATCCC
MA0714.2,PITX3,TAATCC
MA0782.1,PKNOX1,TGACAGGTGTCA
MA0782.2,PKNOX1,TTTGAGTGACAGCTA
MA0782.3,PKNOX1,TGAGTGACAG
MA0783.1,PKNOX2,TGACAGGTGTCA
MA0163.1,PLAG1,GGGGCCCAAGGGGG
MA1548.1,PLAGL2,TGGGCCCCCT
MA1548.2,PLAGL2,GGGCCCCC
MA0784.1,POU1F1,AATATGCAAATTAG
MA0784.2,POU1F1,AGCTAATTTGCATAAT
MA0784.3,POU1F1,CTAATTTGCATAAT
MA0785.1,POU2F1,AATATGCAAATT
MA0785.2,POU2F1,TATGCAAAT
UN0577.1,POU2F1::DLX2,ATTTGCATATCTAATTG
UN0578.1,POU2F1::ELK1,ACCGGATATGCAA
UN0579.1,POU2F1::ETV1,ACCGGATATGCAT
UN0579.2,POU2F1::ETV1,ACCGGATATGCA
MA1962.1,POU2F1::SOX2,AATTTGCATAACAATGG
MA0507.1,POU2F2,TTCATTTGCATAT
MA0507.2,POU2F2,AATATGCAAATTAG
MA0507.3,POU2F2,ATATGCAAATTAG
MA0627.2,POU2F3,AATATGCAAATAA
MA0627.3,POU2F3,TATGCAAAT
MA0786.1,POU3F1,TTATGCAAATTA
MA0786.2,POU3F1,TTATGCAAAT
MA0787.1,POU3F2,TTATGCAAATTA
MA0788.1,POU3F3,ATTATGCTAATTT
MA0789.1,POU3F4,TATGCAAAT
MA0790.1,POU4F1,ATGAATAATTAATG
MA0790.2,POU4F1,TGAATAATTAAT
MA0683.1,POU4F2,ATGCATAATTAATGAG
MA0683.2,POU4F2,TGCATAATTAATGAG
MA0791.1,POU4F3,ATGCATAATTAATGAG
MA0791.2,POU4F3,TGCATAATTAAT
MA1115.1,POU5F1,ATATGCAAATT
MA1115.2,POU5F1,ATGCAAA
MA0792.1,POU5F1B,TATGCAAAT
MA0628.1,POU6F1,ATTAATTAAT
MA1549.1,POU6F1,ATAATGAGGT
MA0628.2,POU6F1,TAATTA
MA1549.2,POU6F1,TAATGAG
MA0793.1,POU6F2,AGCTCATTAT
MA0793.2,POU6F2,AGCTCATTA
MA1148.1,PPARA::RXRA,ATGTAGGTCAAAGGTCAT
MA1148.2,PPARA::RXRA,ATGTAGGTCAAAGGTCA
MA1550.1,PPARD,AGGGGTCAAAGGTCAA
MA1550.2,PPARD,GGGGTCAAAGGTCA
MA0066.1,PPARG,GTAGGTCACGGTGACCTACT
MA0066.2,PPARG,TAGGTCACGGTGACCTACT
MA0065.1,PPARG::RXRA,CCAGGGGTCAAAGGTCATCG
MA0508.1,PRDM1,AGAAAGTGAAAGTGA
MA0508.2,PRDM1,TCACTTTCAC
MA0508.3,PRDM1,TTCTTTCTCTT
MA0508.4,PRDM1,CTTTCTC
MA1647.1,PRDM4,GTCTGTTTCTA
MA1723.1,PRDM9,GGTGGGCAGGGAGGAAGCAGAAGG
MA1723.2,PRDM9,GGTGGGCAGGGAGGAAGCAG
MA0715.1,PROP1,TAATTTAATTA
MA0794.1,PROX1,CAAGACGCCTTA
MA0716.1,PRRX1,CTAATTAA
MA0716.2,PRRX1,TAATTA
MA0075.3,PRRX2,CTAATTAA
MA0075.4,PRRX2,CTAATTA
MA0729.1,RARA,GAGGTCAAAAGGTCAATG
MA0730.1,RARA,AGGTCATGCAAAGGTCA
MA0159.1,RARA::RXRA,AGGTCACGGAGAGGTCA
MA1149.1,RARA::RXRG,GAGGTCATGTAGAGGTCA
MA1149.2,RARA::RXRG,AGGTCATGTAGAGGTCA
MA1552.1,RARB,AAGGTCATGACCTT
MA1552.2,RARB,AAGGTCATGACCT
MA1553.1,RARG,AAGGTCATGACCTT
MA1553.2,RARG,AGGTCATGACCTT
MA0718.1,RAX,GCCAATTAAC
MA0718.2,RAX,CAATTA
MA0717.1,RAX2,CCAATTAA
MA0717.2,RAX2,CAATTA
MA1116.1,RBPJ,CCTGGGAAAG
MA1116.2,RBPJ,TGGGAA
MA0101.1,REL,GGGGATTTCC
MA0107.1,RELA,GGGAATTTCC
MA1117.1,RELB,GAATTCCCCGG
MA1117.2,RELB,ATTCCCC
MA0138.1,REST,GCGCTGTCCATGGTGCTGA
MA0138.2,REST,TTCAGCACCATGGACAGCGCC
MA0138.3,REST,TCAGCACCATGGACAGCGCC
MA0509.2,RFX1,CTGTTGCTATGGCA
MA0509.3,RFX1,CGTTGCCATGGCAACG
MA0600.1,RFX2,GTTGCCATGGCAACCGCGG
MA0600.2,RFX2,CGTTGCCATGGCAACG
MA0600.3,RFX2,GTTGCCATGGCAAC
MA0798.1,RFX3,CGTTGCCATGGCAACG
MA0798.2,RFX3,CGGTTGCTATGGCA
MA0798.3,RFX3,CGTTGCCATGGCAACG
MA0799.1,RFX4,CGTTGCCATGGCAACG
MA0799.2,RFX4,CCGTTGCTTAGCAACGG
MA0799.3,RFX4,GTTGCTTAGCAAC
MA0510.1,RFX5,CTCCCTGGCAACAGC
MA0510.2,RFX5,CGTTGCCATGGCAACG
MA0510.3,RFX5,GTTGCCATGGCAAC
MA1554.1,RFX7,CGTTGCTAT
MA1554.2,RFX7,CGTTGCTA
MA0719.1,RHOXF1,ATAATCCC
MA0719.2,RHOXF1,TAATCC
UN0134.1,RHOXF2,CTAATCCC
UN0134.2,RHOXF2,TAATCC
MA0071.1,RORA,ATCAAGGTCA
MA0072.1,RORA,TATAAGTAGGTCAA
MA0072.2,RORA,TAAGTAGGTCA
MA1150.1,RORB,AATTAGGTCAC
MA1150.2,RORB,AATTAGGTCA
MA1151.1,RORC,ATAAGTAGGTCA
MA1151.2,RORC,AAGTAGGTCA
MA0073.1,RREB1,CCCCAAACCACCCCCCCCCA
MA0073.2,RREB1,CCCCAAACCACCCCCCCCC
MA0002.1,RUNX1,TATTGTGGTTA
MA0511.1,RUNX2,GGGGTTTGTGGTTTG
MA0511.2,RUNX2,AAACCGCAA
MA0684.1,RUNX3,AAACCGCAAA
MA0684.2,RUNX3,AAAACCTCAAAT
MA0684.3,RUNX3,AACCTCAA
MA0074.1,RXRA::VDR,GGGTCAACGAGTTCA
MA0855.1,RXRB,GGGGTCAAAGGTCA
MA1555.1,RXRB,GAGGTCATGACCTC
MA0856.1,RXRG,GGGGTCAAAGGTCA
MA1556.1,RXRG,GAGGTCATGACCTC
MA1963.1,SATB1,TTACTAATAACTA
MA1963.2,SATB1,CTAATAA
MA0743.1,SCRT1,GAGCAACAGGTGGTT
MA0743.2,SCRT1,AATTCAACAGGTGGTT
MA0743.3,SCRT1,TCAACAGGTG
MA0744.1,SCRT2,ATGCAACAGGTGG
MA0744.2,SCRT2,AAAGCAACAGGTGGTT
MA0744.3,SCRT2,GCAACAGGTG
MA0630.1,SHOX,TTAATTGG
MA0630.2,SHOX,TAATTG
MA1118.1,SIX1,GTAACCTGATA
MA1118.2,SIX1,GTAACCTGA
MA1119.1,SIX2,AACTGAAACCTGATAC
MA1119.2,SIX2,TGAAACCTGAT
MA1964.1,SMAD2,TGCCAGACAG
MA1964.2,SMAD2,CCAGAC
MA0795.1,SMAD3,CGTCTAGACA
MA1557.1,SMAD5,TGTCTAGACA
MA1558.1,SNAI1,GGCAGGTGCA
MA1558.2,SNAI1,GCAGGTG
MA0745.1,SNAI2,AACAGGTGT
MA0745.2,SNAI2,ATGCACCTGTCAT
MA0745.3,SNAI2,GCACCTGT
MA1559.1,SNAI3,AACAGGTGCA
MA1559.2,SNAI3,ACAGGTGCA
MA1560.1,SOHLH2,CGCACGTGCA
MA1560.2,SOHLH2,GCACGTGC
MA0442.1,SOX10,CTTTGT
MA0442.2,SOX10,AAAACAAAGAA
MA0442.3,SOX10,ACAAAG
MA1561.1,SOX12,ACCGAACAATG
MA1561.2,SOX12,ACCGAACAAT
MA1120.1,SOX13,AAACAATGGCA
MA1120.2,SOX13,ACAATGG
MA1562.1,SOX14,CCGAACAATG
MA1562.2,SOX14,CGAACAATG
MA1152.1,SOX15,CTATTGTTTT
MA1152.2,SOX15,CTATTGT
MA1563.1,SOX18,CACAATGC
MA1563.2,SOX18,AACAATTC
MA0143.4,SOX2,AAACAATGGAA
MA0143.5,SOX2,ACAATGG
MA0866.1,SOX21,AACAATGGTAGTGTT
MA0867.1,SOX4,GAACAATTGCAGTGTT
MA0867.2,SOX4,GAACAAAGGG
MA0867.3,SOX4,AACAAAGG
MA0868.1,SOX8,AACAATGTGCAGTGTT
MA0868.2,SOX8,AGAACAATGG
MA0868.3,SOX8,AACAATG
MA0077.1,SOX9,CCATTGTTC
MA0077.2,SOX9,CCATTGTT
MA0079.1,SP1,GGGGCGGGGT
MA0079.2,SP1,CCCCGCCCCC
MA0079.3,SP1,GCCCCGCCCCC
MA0079.4,SP1,TAAGCCACGCCCACT
MA0079.5,SP1,GGGGCGGGG
MA0516.1,SP2,GCCCCGCCCCCTCCC
MA0516.2,SP2,CTAAGCCCCGCCCACTT
MA0516.3,SP2,GGGGCGGGG
MA0746.1,SP3,GCCACGCCCCC
MA0746.2,SP3,GGCCACGCCCACC
MA0746.3,SP3,GCCACGCCCAC
MA0685.1,SP4,TAAGCCACGCCCCCTTT
MA0685.2,SP4,GGGGCGGGG
MA1965.1,SP5,CCCCTCCCCC
MA1965.2,SP5,CCTCCC
MA0747.1,SP8,GCCACGCCCACT
MA0747.2,SP8,CCACGCCCACT
MA1564.1,SP9,GCCACGCCCCCC
MA1564.2,SP9,CCACGCCCCC
MA0686.1,SPDEF,ACCCGGATGTA
MA0686.2,SPDEF,ACCCGGATGT
MA0080.1,SPI1,CGGAAG
MA0080.2,SPI1,AGGAAGT
MA0080.4,SPI1,AAAAAGCGGAAGTA
MA0080.5,SPI1,AAAAAAGAGGAAGTGAAAAA
MA0081.1,SPIB,AGAGGAA
MA0081.2,SPIB,TTTCACTTCCTCTTTT
MA0081.3,SPIB,TCACTTCCTCTTT
MA0687.1,SPIC,AAAAAGAGGAAGTA
MA0687.2,SPIC,AAAAGAGGAAGTA
MA0595.1,SREBF1,ATCACCCCAC
MA0829.2,SREBF1,AGATCACCTGATCT
MA0829.3,SREBF1,ATCACCTGAT
MA0596.1,SREBF2,ATGGGGTGAT
MA0828.1,SREBF2,ATCACGTGAC
MA0828.2,SREBF2,TTATCACGTGATAA
MA0828.3,SREBF2,ATCACGTGAT
MA0083.1,SRF,GCCCATATATGG
MA0083.2,SRF,CATGCCCAAATAAGGCAA
MA0083.3,SRF,TGACCATATATGGTCA
MA0084.1,SRY,GTAAACAAT
MA0084.2,SRY,AAACAAT
MA0137.1,STAT1,GGAAAACGAAACTG
MA0137.2,STAT1,CATTTCCCGGAAACC
MA0137.3,STAT1,TTTCCAGGAAA
MA0137.4,STAT1,TTCCAGGAA
MA0517.1,STAT1::STAT2,TCAGTTTCATTTTCC
MA0517.2,STAT1::STAT2,AGTTTCATTTTCC
MA0144.2,STAT3,CTTCTGGGAAA
MA0144.3,STAT3,TTCTGGGAA
UN0808.1,TAL1,GCACCTGG
MA0091.1,TAL1::TCF3,CGACCATCTGTT
MA0091.2,TAL1::TCF3,ACCATCTGTT
MA0802.1,TBR1,AGGTGTGAAA
MA0802.2,TBR1,AGGTGTGAA
MA0805.1,TBX1,AGGTGTGA
MA0803.1,TBX15,AGGTGTGA
MA1565.1,TBX18,GGAGGTGTGAAA
MA1565.2,TBX18,AGGTGTGAA
MA0804.1,TBX19,TTTCACACCTAGGTGTGAAA
MA0804.2,TBX19,TCACACCTAGGTGTGAA
MA0688.1,TBX2,AAGGTGTGAAA
MA0688.2,TBX2,AGGTGTGAA
MA0689.1,TBX20,TAGGTGTGAAG
MA0690.1,TBX21,AAGGTGTGAA
MA0690.2,TBX21,TTTCACACCTT
MA0690.3,TBX21,TTCACACCTT
MA1566.1,TBX3,GAGGTGTGAA
MA1566.2,TBX3,AAGGTGTGAAA
MA1566.3,TBX3,AGGTGTGAA
MA0806.1,TBX4,AGGTGTGA
MA0807.1,TBX5,AGGTGTGA
MA1567.1,TBX6,GAGGTGTGAA
MA0009.2,TBXT,TCACACCTAGGTGTGA
MA1648.1,TCF12,CGCACCTGCCG
MA1648.2,TCF12,CACCTGC
UN0580.1,TCF15,AACACATGGT
UN0580.2,TCF15,ACACATG
MA1568.1,TCF21,CACCATATGGCG
MA1568.2,TCF21,ACCATATGGC
MA0522.2,TCF3,AACACCTGCT
MA0522.3,TCF3,CGCACCTGCCC
MA0522.4,TCF3,CACCTGC
MA0830.1,TCF4,CGCACCTGCT
MA0830.2,TCF4,CGGCACCTGCCCC
MA0830.3,TCF4,GCACCTGC
MA0769.2,TCF7,TCCTTTGATGT
MA0769.3,TCF7,CTTTGAT
MA1421.1,TCF7L1,AAAGATCAAAGG
MA0523.1,TCF7L2,AAAGATCAAAGGAA
MA0523.2,TCF7L2,AGATCAAAG
MA0632.2,TCFL5,TCACGCGCAC
MA0632.3,TCFL5,TCACGCGC
MA0090.1,TEAD1,CACATTCCTCCG
MA0090.2,TEAD1,CACATTCCAT
MA0090.3,TEAD1,CCACATTCCAGGC
MA0090.4,TEAD1,ACATTCCAG
MA1121.1,TEAD2,TCACATTCCAGCC
MA1121.2,TEAD2,ACATTCC
MA0808.1,TEAD3,ACATTCCA
MA0809.1,TEAD4,CACATTCCAT
MA0809.2,TEAD4,CCACATTCCAGG
MA0809.3,TEAD4,ACATTCCA
UN0581.1,TEAD4::DRGX,GGAATGTTAATTG
UN0581.2,TEAD4::DRGX,GGAATGTTAATT
UN0582.1,TEAD4::ELF1,GGAATGCGGAAGTA
UN0582.2,TEAD4::ELF1,GGAATGCGGAAGT
UN0583.1,TEAD4::ELK1,GGAATCCGGAAGTG
UN0583.2,TEAD4::ELK1,GGAATCCGGAAGT
UN0584.1,TEAD4::ETV7,GGAATGCGGAAGTACTTCCG
UN0584.2,TEAD4::ETV7,GGAATGCGGAAGTACTTCC
UN0585.1,TEAD4::SPDEF,GGAATGCGGATGT
UN0585.2,TEAD4::SPDEF,GGAATGCGGAT
UN0586.1,TEAD4::SPIB,GGAATGCGGAAGTA
UN0586.2,TEAD4::SPIB,GGAATGCGGAAGT
MA0843.1,TEF,TATTACGTAACA
MA0843.2,TEF,ATTACGTAAC
MA0003.1,TFAP2A,GCCCGGGGG
MA0003.2,TFAP2A,CATTGCCTCAGGGCA
MA0810.1,TFAP2A,TGCCCCCGGGCA
MA0003.3,TFAP2A,CGCCTCAGGCA
MA0872.1,TFAP2A,TGCCCTGAGGGCA
MA0003.4,TFAP2A,ATTGCCTCAGGCCA
MA0810.2,TFAP2A,TGCCCCCGGGC
MA0003.5,TFAP2A,GCCTCAGGC
MA0811.1,TFAP2B,TGCCCCAGGGCA
MA0812.1,TFAP2B,AGCCTCAGGCA
MA0813.1,TFAP2B,TGCCCTGAGGGCA
MA0811.2,TFAP2B,GCCCCAGGGCA
MA0812.2,TFAP2B,GCCTCAGGC
MA0524.1,TFAP2C,CATGGCCCCAGGGCA
MA0524.2,TFAP2C,TGCCCCAGGGCA
MA0814.1,TFAP2C,AGCCTCAGGCA
MA0815.1,TFAP2C,TGCCCTGAGGGCA
MA0814.2,TFAP2C,GGGCCTGAGGCGGG
MA0524.3,TFAP2C,GCCCCAGGGCA
MA0814.3,TFAP2C,GCCTGAGGC
MA1569.1,TFAP2E,CGCCTCAGGCG
MA1569.2,TFAP2E,GCCTCAGGC
MA0691.1,TFAP4,AACAGCTGAT
MA1570.1,TFAP4,AACATATGTT
MA1966.1,TFAP4::ETV1,GCCGGAAGCAGGTGGG
MA1966.2,TFAP4::ETV1,CCGGAAGCAGGTG
MA1967.1,TFAP4::FLI1,ACCGGAAACAGCTGAT
MA1967.2,TFAP4::FLI1,ACCGGAAACAGCTG
MA1968.1,TFCP2,AAACCGGTTT
MA1968.2,TFCP2,AAACCGGTT
MA1122.1,TFDP1,GGGCGGGAAGG
MA1122.2,TFDP1,GGCGGGAA
MA0831.1,TFE3,ATCACGTGAC
MA0831.2,TFE3,CACGTGAC
MA0831.3,TFE3,GTCACGTGAC
MA0692.1,TFEB,ATCACGTGAC
MA0692.2,TFEB,CACGTGAC
MA0871.1,TFEC,ATCACGTGAC
MA0871.2,TFEC,CCCACGTGACC
MA0871.3,TFEC,CACGTGAC
MA0796.1,TGIF1,TGACAGCTGTCA
MA0797.1,TGIF2,TGACAGCTGTCA
MA1571.1,TGIF2LX,TGACAGCTGTCA
MA1572.1,TGIF2LY,TGACAGCTGTCA
MA0597.1,THAP1,CTGCCCGCA
MA0597.2,THAP1,GCGCAGGGCAGG
MA0597.3,THAP1,GCAGGGCA
MA1573.1,THAP11,AGGACTACATTTCCCAGCA
UN0819.1,THAP5,CCATTGGCT
MA1969.1,THRA,CCTGTGTCCTCATGTGACCTCTCC
MA1969.2,THRA,GTGTCCTCATGTGACCTC
MA1574.1,THRB,GGGGTCAAAGGTCAT
MA1575.1,THRB,GTGACCTCATTGAGGTCAC
MA1576.1,THRB,GTGACCTTACGTGACCTTA
MA1574.2,THRB,GGGTCAAAGGTCA
MA1575.2,THRB,TGACCTCATTGAGGTCA
MA1576.2,THRB,TGACCTTACGTGACCTTA
MA1577.1,TLX2,CTAATTAG
MA1577.2,TLX2,TAATTA
MA0106.1,TP53,CCGGACATGCCCGGGCATGT
MA0106.2,TP53,ACATGCCCAGACATG
MA0106.3,TP53,AACATGCCCGGGCATGTC
MA0525.1,TP63,AGACATGCCCAGACATGCCC
MA0525.2,TP63,AACATGTTGGGACATGTC
MA0861.1,TP73,GACATGTCTGGACATGTC
MA0861.2,TP73,ACATGTCTGGACATGT
MA1970.1,TRPS1,TATCTTATCTTT
MA1970.2,TRPS1,TCTTATCT
MA1123.1,TWIST1,ATTCCAGATGTTT
MA1123.2,TWIST1,ATTCCAGATGTTT
MA1123.3,TWIST1,CCAGATGT
MA0721.1,UNCX,CTAATTAA
MA0721.2,UNCX,TAATTA
MA0093.1,USF1,CACGTGG
MA0093.2,USF1,GCCACGTGACC
MA0093.3,USF1,TGGTCATGTGACCT
MA0093.4,USF1,GTCATGTGAC
MA0526.1,USF2,GTCATGTGACC
MA0526.2,USF2,CGGGGTCACGTGGCCC
MA0526.3,USF2,TGGTCATGTGACCT
MA0526.4,USF2,GGTCACGTGACC
MA0526.5,USF2,GTCACGTGAC
MA0722.1,VAX1,CTAATTAC
MA0722.2,VAX1,CTAATTA
MA0723.1,VAX2,CTAATTAC
MA0723.2,VAX2,GTAATTAG
MA0723.3,VAX2,TAATTA
MA0693.2,VDR,TGAGTTCA
MA0724.1,VENTX,ACCGATTAG
MA1578.1,VEZF1,CCCCCCACTT
MA1578.2,VEZF1,CCCCCC
MA0725.1,VSX1,CTAATTAT
MA0725.2,VSX1,CTAATTA
MA0726.1,VSX2,CTAATTAG
MA0726.2,VSX2,CTAATTA
MA0844.1,XBP1,AATGCCACGTCATC
MA0844.2,XBP1,GCCACGTCATC
UN0139.1,YBX1,TGTACCATC
MA0095.1,YY1,GCCATC
MA0095.2,YY1,CAAGATGGCGGC
MA0748.1,YY2,GTCCGCCATTA
MA0748.2,YY2,AGATGGCGGCG
MA0748.3,YY2,ATGGCGG
MA0749.1,ZBED1,CTATCGCGACATA
MA0749.2,ZBED1,TATCGCGACATA
MA1971.1,ZBED2,GCAACGAAACCAGG
MA1971.2,ZBED2,CGAAACC
MA2328.1,ZBED4,CCCGCCCCGC
MA2329.1,ZBTB11,CACTTCCGG
MA1649.1,ZBTB12,ATCTGGAACCC
MA1649.2,ZBTB12,CTGGAAC
MA1650.1,ZBTB14,CCCCGCGCACCC
MA1650.2,ZBTB14,CCGCGCAC
MA2102.1,ZBTB17,AATCGATT
MA0698.1,ZBTB18,CATCCAGATGTTC
MA0698.2,ZBTB18,ATCCAGATGTT
UN0143.1,ZBTB20,TTAATGTATAGA
UN0143.2,ZBTB20,AATGTATAG
UN0587.1,ZBTB21,TGACCTCATC
UN0587.2,ZBTB21,ACCTCA
UN0144.1,ZBTB22,TTCACTATAATAGTGAA
UN0144.2,ZBTB22,TCACTATAATAGTGA
MA2330.1,ZBTB24,CCCAGGACCC
MA1579.1,ZBTB26,TACTCCAGAAAAGAT
MA1579.2,ZBTB26,CTCCAGAA
MA1580.1,ZBTB32,TGTACAGTAT
MA0527.1,ZBTB33,CTCTCGCGAGATCTG
MA0527.2,ZBTB33,TCTCGCGAGA
UN0145.1,ZBTB37,ATGCCGTATTAGCCGAT
UN0145.2,ZBTB37,TGCCGTATTAGCCGA
UN0146.1,ZBTB40,AAAACTTTATTTA
UN0146.2,ZBTB40,AAAACTTTATT
UN0312.1,ZBTB42,TCCAGATGTGGG
UN0312.2,ZBTB42,CAGATGTG
UN0148.1,ZBTB43,AGTGCCATAAAGGCAGCACT
UN0148.2,ZBTB43,GTGCCATAAAGGCAGCAC
UN0149.1,ZBTB44,TGGATGCATCT
UN0149.2,ZBTB44,GATGCATC
UN0150.1,ZBTB45,TCACCTATAGA
UN0150.2,ZBTB45,CCTATAG
UN0809.1,ZBTB48,CTGCCTCAGC
MA1581.1,ZBTB6,GTCCTTGAGCCCG
MA1581.2,ZBTB6,CCTTGAGCC
MA0750.1,ZBTB7A,GGCGACCACCGA
MA0750.2,ZBTB7A,GCCCGGAAGTGGC
MA0750.3,ZBTB7A,CCGGAAGTG
MA0694.1,ZBTB7B,GCGACCACCGAA
MA0694.2,ZBTB7B,CGACCACCGA
MA0695.1,ZBTB7C,GCGACCACCGAA
MA0695.2,ZBTB7C,CGACCACC
MA0103.2,ZEB1,CCTCACCTG
MA0103.3,ZEB1,CCCACCTGCGC
MA0103.4,ZEB1,CACCTG
UN0151.1,ZFP1,CTTTTATACCCAGCT
UN0151.2,ZFP1,TTTTATACCCAGC
MA1972.1,ZFP14,GGAGGCACTGGAATG
UN0152.1,ZFP28,GATTTTCTATTTCTTCTTGA
UN0152.2,ZFP28,ATTTTCTATTTCTTCTTG
UN0153.1,ZFP3,GCAAACTCCTACTC
UN0153.2,ZFP3,AAACTCCTACTC
UN0154.1,ZFP41,CGCTAACTCTCCGCA
UN0154.2,ZFP41,GCTAACTCTCCGC
MA1651.1,ZFP42,GTTCCAAAATGGCTGCCTCCG
MA1651.2,ZFP42,CAAAATGGCTGCC
MA1583.1,ZFP57,GCATTGCCGCAGT
MA1583.2,ZFP57,TGCCGCA
UN0155.1,ZFP64,ACTGCACTCCAGCCTGGGCGACAG
UN0588.1,ZFP64,GGGCCCCGG
UN0156.1,ZFP69,GTGGCTGGAAACAAGAT
UN0156.2,ZFP69,GTGGCTGGAAACAAG
UN0589.1,ZFP69B,GTGGCTGGA
UN0590.1,ZFP82,GCTGAAGAGAGAATTAGTGAACTGGAAGA
MA0696.1,ZIC1,GACCCCCCGCTGTG
MA0697.1,ZIC3,GACCCCCCGCTGCGC
MA0751.1,ZIC4,GACCCCCCGCTGTGC
MA0751.2,ZIC4,GACCCCCCGCTGTG
MA1584.1,ZIC5,CGACCCCCCGCTGTGC
MA1584.2,ZIC5,GACCCCCCGCTGTGC
UN0591.1,ZIK1,ATGGCAAAGGCACAACGAGAG
UN0591.2,ZIK1,GGCAAAGGCACAACGA
MA1709.1,ZIM3,AGCAACAGAAACCTA
MA1709.2,ZIM3,CAACAGAAACC
MA1585.1,ZKSCAN1,ATAGTAGGTG
MA1585.2,ZKSCAN1,ATAGTAGGT
MA1973.1,ZKSCAN3,GGGCCCAGGCTAGCCCACGC
MA1973.2,ZKSCAN3,CCCAGGCTAGCCCA
MA1652.1,ZKSCAN5,GGAGGAGGTGAGAA
MA1652.2,ZKSCAN5,GGAGGTGAG
UN0592.1,ZKSCAN8,CTGGCATACAGTAGGTGCTCAATA
UN0592.2,ZKSCAN8,GGCATACAGTAGGTGCTCAATA
UN0158.1,ZNF10,GACCCCTACCTCACACCATAT
UN0159.1,ZNF100,GCCGCCACCGTGTA
UN0593.1,ZNF100,CCATGGCGGCGGCGG
UN0159.2,ZNF100,CCGCCACCGTG
UN0593.2,ZNF100,CCATGGCGGCGGC
UN0160.1,ZNF101,ACACTGGGGCCA
UN0160.2,ZNF101,ACTGGGGC
UN0594.1,ZNF112,TCTGTGGTGTAAATACTCC
UN0161.1,ZNF12,GGGGCTGCTTGTTATAGCATA
UN0161.2,ZNF12,GGGGCTGCTTGTTATAGCAT
UN0596.1,ZNF132,GGAGAGAGGGAAGGA
UN0596.2,ZNF132,GGAGAGAGGGAAGG
UN0314.1,ZNF133,ATGTATAATTGGAG
UN0314.2,ZNF133,GTATAATTGG
UN0162.1,ZNF134,GGCCTTCACCTGATTAGGTG
UN0162.2,ZNF134,CCTTCACCTGATTAG
MA1587.1,ZNF135,CCTCGACCTCCTGA
MA1588.1,ZNF136,GAATTCTTGGTTGAC
MA1589.1,ZNF140,TAGGAGTGGAATTGCTGGGTC
MA1589.2,ZNF140,AGGAGTGGAATTGCTGGGT
UN0163.1,ZNF141,GGGGGACGCCCCC
UN0163.2,ZNF141,GGGGGACGCCC
MA0088.2,ZNF143,TACCCACAATGCATTG
UN0316.1,ZNF146,GAATAGTATTCCATT
MA1653.1,ZNF148,CCCCCCTCCCCC
MA1653.2,ZNF148,CCCCTCCCCC
MA2331.1,ZNF157,AGGCCAGCAATATACCTTTAC
MA1654.1,ZNF16,AATAGGGAGCCATGGAAGGTTTT
MA1654.2,ZNF16,AATAGGGAGCCATGGAAGGTT
UN0164.1,ZNF174,GGCCGATCACTTGCCA
UN0164.2,ZNF174,GCCGATCACTTGCC
MA2332.1,ZNF175,ACAGGAAGT
UN0165.1,ZNF177,CTCGATCGAAGGGCACAGTCATT
UN0165.2,ZNF177,TCGATCGAAGGGCACAGTCAT
UN0317.1,ZNF18,GTGGTGTGAACTG
UN0317.2,ZNF18,GGTGTGAAC
UN0597.1,ZNF182,AAAAACAAAAGG
MA2120.1,ZNF184,TAGAAAGGTGCAT
MA1725.1,ZNF189,CATGCTGTTCCCT
MA1725.2,ZNF189,TGCTGTTCC
UN0599.1,ZNF19,GGGGGGGGTAGGGGCCCTGACGGG
UN0599.2,ZNF19,GGTAGGGGCCCTGACG
UN0600.1,ZNF195,TTCTTGGCACCGTGCCAAGAA
UN0600.2,ZNF195,TTGGCACCGTGCCAAG
MA1974.1,ZNF211,AATATATACCATATA
MA1974.2,ZNF211,TATATACCAT
MA2121.1,ZNF213,GCCCAGGCTGCG
MA1975.1,ZNF214,ATTCATCAAGGTCCT
MA1975.2,ZNF214,TCATCAAGGTCCT
UN0602.1,ZNF222,CGGCTCACATT
UN0602.2,ZNF222,GCTCACA
UN0603.1,ZNF223,GGGGGTGCAGGCAGGG
UN0603.2,ZNF223,GGGGGTGCAGGCAG
UN0167.1,ZNF23,GGGTCGCGGCCATGGGTGA
UN0167.2,ZNF23,GGTCGCGGCCATGGGTG
MA1124.1,ZNF24,CATTCATTCATTC
UN0168.1,ZNF248,CTATCCATGAACATGGAATGTTTT
UN0604.1,ZNF250,TAATCAAAACAGTA
UN0169.1,ZNF254,GCCTAGCCTCCCAGC
MA1710.1,ZNF257,GAGAGGCAAGGG
MA1710.2,ZNF257,GAGGCAAGGG
UN0171.1,ZNF260,ACCATGGAATACTATGCAGCCA
MA0528.1,ZNF263,GGAGGAGGAGGGGGAGGAGGA
MA0528.2,ZNF263,GGGGGGAGGAGG
MA0528.3,ZNF263,GGGAGGA
UN0605.1,ZNF264,GGGGCGGGG
UN0605.2,ZNF264,GGCGGGG
UN0606.1,ZNF266,ATTACTCACAGGCCC
UN0606.2,ZNF266,ACTCACAGGCCC
UN0607.1,ZNF273,GCAGCTCCTGCC
MA1592.1,ZNF274,GGTATGAGTTCTCGCT
MA1592.2,ZNF274,TATGAGTTCTCG
UN0172.1,ZNF276,GTTAAGGTAGTATAGTCCACCTTAA
UN0172.2,ZNF276,TTAAGGTAGTATAGTCCACCTTA
UN0173.1,ZNF28,GGCACCCCAC
UN0173.2,ZNF28,GCAGGTGGGGTGCCC
UN0810.1,ZNF280D,ATGCAGCCATAAAA
MA1630.2,ZNF281,GGGGGAGGGGAG
MA1630.3,ZNF281,GGGGGAGGGG
MA1154.1,ZNF282,CTTTCCCACAACACGAC
MA1154.2,ZNF282,CTTTCCCACAACACG
UN0174.1,ZNF284,GCTGAGGCAGGA
UN0175.1,ZNF296,TAGTGGACACT
UN0175.2,ZNF296,GTGGACA
UN0811.1,ZNF30,AGCAGCC
UN0176.1,ZNF304,CTCATCTGAAGGCTCGACTGGGGC
UN0319.1,ZNF316,AAGTCAGCATTTTATT
UN0319.2,ZNF316,GTCAGCATTTT
MA1593.1,ZNF317,TAACAGCAGACT
MA1593.2,ZNF317,ACAGCAGA
UN0177.1,ZNF32,ATGTAACCTGATACC
UN0177.2,ZNF32,GTAACCTGATACC
MA1976.1,ZNF320,AGGGGGGCCCGGGGGCCTGTGCGAGGG
MA1976.2,ZNF320,GGGGGGCCCGGGGGCCTGTG
UN0179.1,ZNF322,GTGCCTGCTACAGAG
UN0179.2,ZNF322,GCCTGCTACAGAG
MA1977.1,ZNF324,GCCAGGAAGACAAGGATGGTT
MA1977.2,ZNF324,AGACAAGGATGGTT
UN0320.1,ZNF329,CCCCTGGATCCAGCCATGCCTGAA
UN0320.2,ZNF329,CCTGGATCCAGCCATGCCTGAA
MA1726.1,ZNF331,CCCTGCAGAGCCCT
MA1726.2,ZNF331,TGCAGAGCCC
UN0609.1,ZNF333,GTGGAGCCG
UN0610.1,ZNF337,CTTGTCTGGGAA
UN0610.2,ZNF337,TCTGGGAA
UN0611.1,ZNF33B,GGTATTGAATAG
UN0611.2,ZNF33B,GGTATTGAA
MA1655.1,ZNF341,GGGAACAGCCAC
MA1655.2,ZNF341,GAACAGCC
MA1711.1,ZNF343,CCGCTTCACCACGGCAC
MA1711.2,ZNF343,CCGCTTCACCACGGCA
UN0184.1,ZNF345,TTGCAACATGGACAACCGTACC
UN0184.2,ZNF345,TTGCAACATGGACAACCGTAC
MA2333.1,ZNF35,AATTCTA
UN0612.1,ZNF350,TAGGTCATAAAAGGAC
UN0612.2,ZNF350,GGTCATAAAAGG
MA1978.1,ZNF354A,ATAAATATAAATGGACTAATT
MA1978.2,ZNF354A,TAAATATAAATGGACTAATT
MA0130.1,ZNF354C,ATCCAC
UN0812.1,ZNF366,TCCTCCTCC
UN0613.1,ZNF37A,AGGGAGCCGGGGTA
UN0613.2,ZNF37A,GGGAGCCGGGG
MA1594.1,ZNF382,AGGGGACATCACTACAGATCCCAC
MA1125.1,ZNF384,TTTAAAAAAAAA
MA1125.2,ZNF384,AAAAAAAA
UN0185.1,ZNF385D,CCGTCGCGACGG
UN0185.2,ZNF385D,GTCGCGACG
UN0813.1,ZNF394,GCTTCTCC
UN0186.1,ZNF396,GTGTCCGAAAG
UN0186.2,ZNF396,GTGTCCGAAA
UN0814.1,ZNF41,CACCATGAG
MA0752.1,ZNF410,TCCATCCCATAATACTC
MA0752.2,ZNF410,CCATCCCATAATACTC
MA1979.1,ZNF416,TATCTGGGCAC
MA1979.2,ZNF416,TATCTGGGCA
MA1727.1,ZNF417,CACATTGGGCGCCAA
MA1727.2,ZNF417,GGCGCCA
MA1980.1,ZNF418,AAGAGGCTAAAAGCA
UN0323.1,ZNF425,GGGAGGGCCCT
UN0323.2,ZNF425,GAGGGCC
UN0187.1,ZNF429,TAGGCATAGGCCGCAATGGGCTCA
UN0187.2,ZNF429,GGCATAGGCCGCAATGGGCT
UN0188.1,ZNF430,AGGCCTCACAATCATGGCAGAAGG
UN0614.1,ZNF433,GACTGCAGTAGTAAC
UN0324.1,ZNF436,CACCTCCTCCAGGAAGCCTTCCCT
UN0324.2,ZNF436,CACCTCCTCCAGGAAGCCTTCC
UN0615.1,ZNF440,AGTGGTTCTGCT
UN0190.1,ZNF441,GAGACTCCGTCTC
UN0190.2,ZNF441,AGACTCCGTCTC
UN0191.1,ZNF444,CCGTCCCCCTCCCCCC
UN0191.2,ZNF444,CGTCCCCCTCCCCC
MA1656.1,ZNF449,CCAAGCCCAACCAG
MA1656.2,ZNF449,AAGCCCAACC
UN0325.1,ZNF45,GCACCGGAAGTGACGCCG
UN0325.2,ZNF45,CCGGAAGTG
MA1712.1,ZNF454,AGGCTCCGGGCCCCGGGG
MA1712.2,ZNF454,GGCTCCGGGCCCCGGGG
MA1596.1,ZNF460,GCCTCAGCCTCCCGAG
UN0616.1,ZNF462,CCCAGCAGGAG
UN0616.2,ZNF462,CAGCAGG
UN0326.1,ZNF467,CCTCCCCTCCCCCCC
UN0326.2,ZNF467,CCCCTCCCCC
UN0327.1,ZNF468,GCGCCCCCTCCCCC
UN0327.2,ZNF468,CCCCCTCCC
UN0196.1,ZNF479,AGGGAAGACTTGG
UN0196.2,ZNF479,GGAAGACTT
UN0820.1,ZNF48,CTCCTCCAGGAAGCC
UN0617.1,ZNF480,TACACATTCCTAAC
UN0617.2,ZNF480,CACATTCCT
UN0618.1,ZNF483,CCTGCAGCTCCCTGC
UN0618.2,ZNF483,CTGCAGCTCCCTG
UN0619.1,ZNF484,AGGGGACAGAGGAACATG
UN0620.1,ZNF485,AATAGAGATATACAG
UN0620.2,ZNF485,TAGAGATATAC
UN0815.1,ZNF486,ATACTATGCAG
UN0197.1,ZNF490,GACAGCATATAG
UN0197.2,ZNF490,GACAGCATAT
UN0621.1,ZNF491,TACTTGGCACAGTGCCAAGTA
UN0621.2,ZNF491,CTTGGCACAGTGCCAAG
UN0622.1,ZNF492,AGAGCAACAAAAAGG
UN0623.1,ZNF502,GCTAGGACCAGTGCAGTAGCCAAT
UN0623.2,ZNF502,GCTAGGACCAGTGCAGTAGCC
UN0198.1,ZNF506,TGTGAGCCCCCACAC
UN0198.2,ZNF506,GAGCCCCCA
UN0624.1,ZNF507,GGTCACATGACCC
UN0624.2,ZNF507,GTCACATGAC
UN0330.1,ZNF513,GGAGGAAGAG
UN0331.1,ZNF519,GCAGCTGCCCC
UN0331.2,ZNF519,GCAGCTGCC
MA2096.1,ZNF524,CTCGAACCC
UN0201.1,ZNF525,AAATTGCTAATGAAGT
UN0625.1,ZNF527,GCCAGCAACAGAAACG
UN0625.2,ZNF527,GCCAGCAACAGAA
MA1597.1,ZNF528,CCCAGGGAAGCCATTTC
UN0626.1,ZNF529,CCCTTCACCCAGCTTCCCCCAATG
MA1981.1,ZNF530,GAAAGGAAAGGGGCGGGA
MA1981.2,ZNF530,GAAAGGAAAGGGGC
UN0332.1,ZNF534,GTTCTTGCCCCCC
UN0332.2,ZNF534,TCTTGCCCC
UN0627.1,ZNF540,GCAAACGTCCAC
UN0627.2,ZNF540,AAACGTCCAC
UN0628.1,ZNF543,GGGGAGGGGGCG
UN0629.1,ZNF544,TACTTGGCACAGTGCCAAGTA
UN0629.2,ZNF544,TTGGCACAGTGCCAA
MA2334.1,ZNF547,TGCTAATGCAACA
UN0333.1,ZNF548,AACCCTGCTG
UN0333.2,ZNF548,CCCTGC
MA1728.1,ZNF549,GCTGCTGCCCAG
MA1728.2,ZNF549,TGCTGCCC
UN0630.1,ZNF554,CGGCAGAGCCG
UN0630.2,ZNF554,GCAGAGC
MA2335.1,ZNF558,ATTTGATGAAAGACATAAATCTACAGATC
UN0631.1,ZNF560,GCCACTGCACTCCAGCCTGGGCGA
UN0204.1,ZNF565,GCCATGTTGTGAGGAAGCCCAAGC
UN0632.1,ZNF566,GCGGCAAGGGAGGCGGGG
UN0632.2,ZNF566,GCGGCAAGGGAGGCGGG
UN0633.1,ZNF567,ATAGAAGTAGACCCACAGA
UN0634.1,ZNF570,TACAAGAAAACTTT
UN0634.2,ZNF570,CAAGAAAACT
UN0635.1,ZNF571,CCGCGGCGGCGGCGG
UN0635.2,ZNF571,GCGGCGGCGGCGG
UN0636.1,ZNF573,CAGCCAAGGCACACACAGGAG
UN0636.2,ZNF573,CAGCCAAGGCACACACAGG
MA1982.1,ZNF574,GGGCTAGAGCGGCCC
MA1982.2,ZNF574,GGCTAGAGCGGCCC
UN0816.1,ZNF577,CCTTAAGG
UN0205.1,ZNF580,CCTACCCTCACCTACCCT
UN0206.1,ZNF580,TGTTATGTTAAATAATTACCCTA
UN0206.2,ZNF580,GTTATGTTAAATAATTACC
MA1983.1,ZNF582,TCTGTTACTTGCAGCCAAAAG
MA1983.2,ZNF582,TCTGTTACTTGCAGCCAAA
UN0637.1,ZNF585A,AAAAGAGAACAGA
UN0637.2,ZNF585A,AAGAGAACAG
UN0207.1,ZNF585B,AGGAAAAAATGGTTTC
UN0207.2,ZNF585B,AGGAAAAAATGGTTT
UN0638.1,ZNF586,ATGTGCTAATGCAGCAGG
UN0638.2,ZNF586,TGCTAATGCAGCA
UN0639.1,ZNF587,GCAGCTGGCGCCCAACATG
UN0639.2,ZNF587,TGGCGCCCAAC
UN0640.1,ZNF594,GGGGTGAGAGCGGCT
UN0640.2,ZNF594,GTGAGAGCGGC
UN0335.1,ZNF596,AGCGAGAGCGAGA
UN0335.2,ZNF596,GCGAGAGCGAG
UN0208.1,ZNF597,GGCCGCCATTTTGT
UN0208.2,ZNF597,GCCGCCATTTTG
MA1713.1,ZNF610,CCCGCCGCTCCCCC
MA1713.2,ZNF610,CCGCCGCTCC
UN0641.1,ZNF611,CGTAGGCTCTCCCC
UN0641.2,ZNF611,TAGGCTCTCC
UN0642.1,ZNF614,TTAGATCAAGTA
UN0642.2,ZNF614,TTAGATCAAG
UN0643.1,ZNF616,GGGTGAGCGTGA
UN0210.1,ZNF623,AAGTGCAAAGGCCCTGAGGCAG
UN0210.2,ZNF623,GTGCAAAGGCCCTGAGGCAG
UN0644.1,ZNF627,GATCTCAACAAT
UN0644.2,ZNF627,GATCTCAACA
UN0645.1,ZNF629,CTCATCTGTAAAATGGGGA
UN0645.2,ZNF629,CTCATCTGTAAAATGGG
MA1657.1,ZNF652,GAAAGAGTTAAA
MA1657.2,ZNF652,AAGAGTTAA
UN0211.1,ZNF660,ATTGATTACCCACCCTAC
UN0211.2,ZNF660,TTGATTACCCACCCTA
UN0646.1,ZNF662,GGTAGGAAGGGGCTAGAT
UN0646.2,ZNF662,GGTAGGAAGGGGCTAGA
UN0647.1,ZNF664,TAGTAGGTGCTCAATAAATAT
UN0647.2,ZNF664,TAGTAGGTGCTCAATAAAT
MA1984.1,ZNF667,TTAAGAGCTCAG
MA1984.2,ZNF667,TTAAGAGCTCA
MA1985.1,ZNF669,GGGGCGATGACCACT
UN0336.1,ZNF671,GTTGAGTGGAGTGGA
UN0336.2,ZNF671,GAGTGGAG
UN0648.1,ZNF674,GGGGCAACAAAAGA
UN0648.2,ZNF674,GGGGCAACAAAA
MA1714.1,ZNF675,AGGACTAGGAGGACAAAATGT
MA1714.2,ZNF675,GGACTAGGAGGACAAAATG
MA2101.1,ZNF677,GATAAGAACAGC
MA1729.1,ZNF680,GTCCAAGAAGAATGA
MA1729.2,ZNF680,CCAAGAAGAAT
UN0649.1,ZNF681,GCCAAGGATGGGGA
UN0649.2,ZNF681,CAAGGATG
MA1599.1,ZNF682,CGGGCCAAGCCCCTAT
MA1599.2,ZNF682,GGCCAAGCCCC
MA1600.1,ZNF684,ATACAGTCCACCCCTTTA
MA1600.2,ZNF684,ACAGTCCACCCCTT
MA1986.1,ZNF692,GGGGCCCACC
MA1986.2,ZNF692,GGGCCCAC
UN0650.1,ZNF7,CCAACACTTAC
UN0650.2,ZNF7,AACACTT
MA1987.1,ZNF701,GAGCACCAAAGGGGGGAAGGG
MA1987.2,ZNF701,GAGCACCAAAGGGGGGA
UN0213.1,ZNF704,CGCCGGCCGGCG
UN0213.2,ZNF704,GCCGGCCGGC
MA1715.1,ZNF707,CCCCACTCCTGGTAC
MA1730.1,ZNF708,CCGGCTGTGCCTCCT
MA1730.2,ZNF708,GCTGTGCCT
UN0216.1,ZNF713,TAGAAAAAAGACAGGAAAG
UN0217.1,ZNF713,TCGACGACTGCCACGAAAG
UN0216.2,ZNF713,AGAAAAAAGACAGGAAA
UN0217.2,ZNF713,CGACGACTGCCACGAAA
UN0651.1,ZNF714,GAGCAGCACTGC
UN0651.2,ZNF714,AGCAGCACTGC
UN0652.1,ZNF716,AAGCAGGAAATAGTA
UN0652.2,ZNF716,CAGGAAATA
UN0653.1,ZNF736,GGCCCAGGCCG
UN0653.2,ZNF736,CCCAGGC
MA0753.1,ZNF740,CCCCCCCCAC
MA0753.2,ZNF740,CCGCCCCCCCCAC
MA0753.3,ZNF740,CCCCCCCCAC
UN0654.1,ZNF749,AACCCCGACCCCA
UN0654.2,ZNF749,CCCCGACCCC
UN0218.1,ZNF750,GTCGCCTCAGGCC
UN0218.2,ZNF750,GCCTCAGG
MA2097.1,ZNF75A,GCTTTTCCCACA
UN0340.1,ZNF75A,GCACCGGAAGTGACGCCG
UN0340.2,ZNF75A,CCGGAAGTG
MA1601.1,ZNF75D,ATGTGGGAAA
MA1601.2,ZNF75D,GTGGGAAAGCCT
MA1716.1,ZNF76,CCTACCCACAATGCACCGCGC
MA1716.2,ZNF76,ACCCACAATGCACCGCG
UN0222.1,ZNF765,GGGCGTAGCCAAGTAAA
UN0222.2,ZNF765,GGGCGTAGCCAAG
MA2098.1,ZNF766,AAGAAACCT
MA1731.1,ZNF768,TCGCTTACCCTCTCTGGG
MA1731.2,ZNF768,CCCTCTCTG
UN0655.1,ZNF77,TCCCACTTCACCCTG
UN0655.2,ZNF77,CCCACTTCACC
MA2099.1,ZNF770,CGGCCTCA
UN0226.1,ZNF771,TGCGCTAACCATTGT
UN0226.2,ZNF771,GCGCTAACCATT
UN0656.1,ZNF774,ACAGTGGACCACAAGCCGA
UN0656.2,ZNF774,AGTGGACCACAAGCC
UN0657.1,ZNF778,TTGGCCCCTCGTGCTGTG
UN0657.2,ZNF778,GGCCCCTCGTGCTG
UN0227.1,ZNF780A,TGCCTGCCTG
UN0227.2,ZNF780A,TGCCTGCCT
UN0228.1,ZNF781,TGAGACAGAGTC
UN0228.2,ZNF781,TGAGACAGAGT
UN0658.1,ZNF783,CCGCGGCCTCC
UN0658.2,ZNF783,GCGGCCT
MA1717.1,ZNF784,GTACCTACCGC
MA1717.2,ZNF784,ACCTACCG
UN0659.1,ZNF786,CGCCCAGGCGG
UN0659.2,ZNF786,CCCAGGC
UN0230.1,ZNF787,GATGCACCTACCGTGCCTCG
UN0231.1,ZNF787,TGCCTCAGTTTACCC
UN0230.2,ZNF787,GATGCACCTACCGTGCCTC
UN0231.2,ZNF787,TGCCTCAGTTTACC
UN0660.1,ZNF789,TGCTCCCACTTCTGACACCAAA
UN0660.2,ZNF789,CTCCCACTTCTGACACCA
UN0661.1,ZNF79,GAAATTAATCTCTAA
UN0661.2,ZNF79,AAATTAATCTCTAA
UN0817.1,ZNF791,GGGTTCCCTTGTATGTGATAA
UN0232.1,ZNF793,ACAGAGCCCCAAGCAG
UN0232.2,ZNF793,AGAGCCCCAAG
UN0662.1,ZNF799,CAATGCCAACCCCCAA
UN0662.2,ZNF799,GCCAACCCCC
MA1718.1,ZNF8,GTATGGATATACCACATTTT
UN0234.1,ZNF808,GGAGGTCTATAAACGG
UN0235.1,ZNF81,CTGGTACAACCACTATGGAAAACA
MA1719.1,ZNF816,AAATGGGGACATGCAGGG
MA1719.2,ZNF816,TGGGGACATGCAGGG
UN0237.1,ZNF821,CGGACAGACAGACAT
UN0237.2,ZNF821,GGACAGACAGACA
UN0238.1,ZNF823,AGAGACAGAGAA
UN0238.2,ZNF823,AGACAGAG
UN0239.1,ZNF84,TGTCTGTTCAT
UN0663.1,ZNF846,GCTCCCGGGAGC
UN0663.2,ZNF846,TCCCGGGA
MA1720.1,ZNF85,AAAGAGATTACAGCAG
MA1720.2,ZNF85,GAGATTACAGCA
UN0664.1,ZNF860,CCGTTGCTCCCAGCT
UN0664.2,ZNF860,TGCTCCCA
UN0665.1,ZNF880,GCACTTTCCCAC
UN0665.2,ZNF880,GCACTTTCCC
UN0666.1,ZNF891,GCTCGCAGGCTTCTAGCC
UN0666.2,ZNF891,GGCTTCTAGCC
UN0241.1,ZNF92,GTAAAATGGGCA
UN0241.2,ZNF92,AAAATGGG
MA1721.1,ZNF93,GGCAGCGGCAGCGGCG
MA1721.2,ZNF93,GGCAGCGGCAGCGG
UN0667.1,ZNF98,AGGACAACAAAAAGGCAATGT
UN0667.2,ZNF98,AGGACAACAAAAAGGCA
UN0243.1,ZSCAN1,ATGCACACACTGAAAAA
UN0243.2,ZSCAN1,GCACACACTGAAAA
MA2100.1,ZSCAN16,AAGTGTTAACAGAGCCTC
UN0245.1,ZSCAN20,AAACTCCAGAAAA
UN0245.2,ZSCAN20,TCCAGAA
MA2336.1,ZSCAN21,AAGCACT
UN0668.1,ZSCAN22,GTCCGAGGGCGGAGGCGG
UN0668.2,ZSCAN22,CCGAGGGCGGAGGC
UN0246.1,ZSCAN23,CTCATGTGCTAATTACAAA
UN0246.2,ZSCAN23,TCATGTGCTAATTACAA
MA1602.1,ZSCAN29,CGTCTACACGGG
MA1602.2,ZSCAN29,CGTCTACACGG
MA1722.1,ZSCAN31,GCATAACTGCCCTGCGTCC
MA1722.2,ZSCAN31,GCATAACTGCCCTGCGTC
MA1155.1,ZSCAN4,TGCACACACTGAAAA
UN0248.1,ZSCAN5A,CTGTCCCCCCCCAAATCC
UN0248.2,ZSCAN5A,GTCCCCCCCCAAA
UN0249.1,ZSCAN9,AAGGATAAGATAAGAATCAC
UN0249.2,ZSCAN9,AGGATAAGATAAGAATCA
